experiment,dataset,strategy,extractor,clf,mean_f1,std_f1,n_samples,emb_dim
Exp1_linear_probing,DTD,linear_probe,convnext_v2_t,svm,0.7761061806180043,0.0150853258677691,5640,768
Exp1_linear_probing,DTD,linear_probe,deit_s,svm,0.6684130613551782,0.0160929176487084,5640,384
Exp1_linear_probing,DTD,linear_probe,densenet121,svm,0.703833835783481,0.010481476644117,5640,1024
Exp1_linear_probing,DTD,linear_probe,dinov2,svm,0.8419999489268051,0.0056994432132429,5640,768
Exp1_linear_probing,DTD,linear_probe,dinov2_large,svm,0.8409856671651539,0.0025321091290283,5640,1024
Exp1_linear_probing,DTD,linear_probe,dinov2_small,svm,0.824828279831508,0.0107567860438502,5640,384
Exp1_linear_probing,DTD,linear_probe,drlbp,knn,0.1418945441765175,0.0060034806051839,5640,80
Exp1_linear_probing,DTD,linear_probe,efficientnet_b0,svm,0.7090917453210894,0.0093135957676374,5640,1280
Exp1_linear_probing,DTD,linear_probe,gabor,knn,0.1562225538200078,0.0123586119672293,5640,48
Exp1_linear_probing,DTD,linear_probe,glcm,knn,0.0983810903444039,0.0068498916087853,5640,18
Exp1_linear_probing,DTD,linear_probe,hog,knn,0.1559536525773188,0.0114017602584076,5640,1764
Exp1_linear_probing,DTD,linear_probe,lbp,knn,0.25458927462799,0.0140229139416499,5640,54
Exp1_linear_probing,DTD,linear_probe,resnet101,svm,0.7272183986442279,0.010690001482553,5640,2048
Exp1_linear_probing,DTD,linear_probe,resnet50,svm,0.7391694739006835,0.0101874498670111,5640,2048
Exp1_linear_probing,DTD,linear_probe,swin_t,svm,0.7514975616434907,0.0077782100343869,5640,768
Exp1_linear_probing,DTD,linear_probe,vgg16,svm,0.6663893990616858,0.0129315139475739,5640,4096
Exp1_linear_probing,DTD,linear_probe,vit_b16,svm,0.732394111394336,0.0123861762631992,5640,768
Exp1_linear_probing,FMD,linear_probe,convnext_v2_t,svm,0.8990033473592405,0.0173391591515003,1000,768
Exp1_linear_probing,FMD,linear_probe,deit_s,svm,0.7853219414992798,0.0176175028624119,1000,384
Exp1_linear_probing,FMD,linear_probe,densenet121,svm,0.8300809546386549,0.0177934496030983,1000,1024
Exp1_linear_probing,FMD,linear_probe,dinov2,svm,0.9570619215520252,0.0162165702846957,1000,768
Exp1_linear_probing,FMD,linear_probe,dinov2_large,svm,0.9499907276217692,0.0083922441424076,1000,1024
Exp1_linear_probing,FMD,linear_probe,dinov2_small,svm,0.939118260626336,0.018394125198825,1000,384
Exp1_linear_probing,FMD,linear_probe,drlbp,knn,0.2176007702460761,0.0317444415349443,1000,80
Exp1_linear_probing,FMD,linear_probe,efficientnet_b0,svm,0.8300939288111444,0.0301126474246631,1000,1280
Exp1_linear_probing,FMD,linear_probe,gabor,knn,0.2415542428198961,0.0328874814085034,1000,48
Exp1_linear_probing,FMD,linear_probe,glcm,knn,0.1684309998247279,0.0186621367220071,1000,18
Exp1_linear_probing,FMD,linear_probe,hog,svm,0.2097338427359213,0.0257223747354756,1000,1764
Exp1_linear_probing,FMD,linear_probe,lbp,knn,0.2459982946560048,0.0116742472436962,1000,54
Exp1_linear_probing,FMD,linear_probe,resnet101,svm,0.8556889607160171,0.0164066644195161,1000,2048
Exp1_linear_probing,FMD,linear_probe,resnet50,svm,0.836400305898066,0.0220065846750511,1000,2048
Exp1_linear_probing,FMD,linear_probe,swin_t,svm,0.8748881218100729,0.0157949412125678,1000,768
Exp1_linear_probing,FMD,linear_probe,vgg16,svm,0.798925707663509,0.0261434986923804,1000,4096
Exp1_linear_probing,FMD,linear_probe,vit_b16,svm,0.8666896964695276,0.0086997874285529,1000,768
Exp1_linear_probing,GTOS-Mobile,linear_probe,convnext_v2_t,knn,0.0274007147909723,0.004631445829089,4991,768
Exp1_linear_probing,GTOS-Mobile,linear_probe,deit_s,svm,0.0297281265523939,0.0068950129972272,4991,384
Exp1_linear_probing,GTOS-Mobile,linear_probe,densenet121,knn,0.0260670408231806,0.0048565528454668,4991,1024
Exp1_linear_probing,GTOS-Mobile,linear_probe,dinov2,svm,0.0291066586138838,0.0037594629465669,4991,768
Exp1_linear_probing,GTOS-Mobile,linear_probe,dinov2_large,svm,0.0276668275520166,0.0029616395063968,4991,1024
Exp1_linear_probing,GTOS-Mobile,linear_probe,dinov2_small,svm,0.0278950447917533,0.0026254691559256,4991,384
Exp1_linear_probing,GTOS-Mobile,linear_probe,drlbp,knn,0.0285318774478095,0.0032121913608049,4991,80
Exp1_linear_probing,GTOS-Mobile,linear_probe,efficientnet_b0,knn,0.0260218305779808,0.0054463016145472,4991,1280
Exp1_linear_probing,GTOS-Mobile,linear_probe,gabor,knn,0.0277876556684732,0.0024764761326386,4991,48
Exp1_linear_probing,GTOS-Mobile,linear_probe,glcm,knn,0.0283137737592961,0.0053808284491678,4991,18
Exp1_linear_probing,GTOS-Mobile,linear_probe,hog,knn,0.0328702559937102,0.00271916384842,4991,1764
Exp1_linear_probing,GTOS-Mobile,linear_probe,lbp,knn,0.0285970870393969,0.0049984728551492,4991,54
Exp1_linear_probing,GTOS-Mobile,linear_probe,resnet101,knn,0.02813358729845,0.0068130730810209,4991,2048
Exp1_linear_probing,GTOS-Mobile,linear_probe,resnet50,knn,0.02692076650162,0.0026838409935641,4991,2048
Exp1_linear_probing,GTOS-Mobile,linear_probe,swin_t,knn,0.0249876004944032,0.0057312117051357,4991,768
Exp1_linear_probing,GTOS-Mobile,linear_probe,vgg16,svm,0.0305636947713509,0.00212191831493,4991,4096
Exp1_linear_probing,GTOS-Mobile,linear_probe,vit_b16,svm,0.0306420018632062,0.002719181787132,4991,768
Exp1_linear_probing,KTH-TIPS2-b,linear_probe,convnext_v2_t,knn,0.9983170231364704,0.0016381741875988,3564,768
Exp1_linear_probing,KTH-TIPS2-b,linear_probe,deit_s,svm,0.9960891439134416,0.0022245120077808,3564,384
Exp1_linear_probing,KTH-TIPS2-b,linear_probe,densenet121,knn,0.995527967943468,0.0018453006738032,3564,1024
Exp1_linear_probing,KTH-TIPS2-b,linear_probe,dinov2,svm,0.9988788496279926,0.0010502154139078,3564,768
Exp1_linear_probing,KTH-TIPS2-b,linear_probe,dinov2_large,knn,0.9988788496279926,0.0010502154139078,3564,1024
Exp1_linear_probing,KTH-TIPS2-b,linear_probe,dinov2_small,svm,0.9983192600727624,0.0005585790808035,3564,384
Exp1_linear_probing,KTH-TIPS2-b,linear_probe,drlbp,knn,0.734898591339727,0.0124590094992461,3564,80
Exp1_linear_probing,KTH-TIPS2-b,linear_probe,efficientnet_b0,knn,0.9952240171488276,0.0014358885552767,3564,1280
Exp1_linear_probing,KTH-TIPS2-b,linear_probe,gabor,knn,0.8232869314990048,0.0136747325054277,3564,48
Exp1_linear_probing,KTH-TIPS2-b,linear_probe,glcm,knn,0.5993969904666938,0.0188284656180194,3564,18
Exp1_linear_probing,KTH-TIPS2-b,linear_probe,hog,knn,0.5254499625961385,0.0049087678404968,3564,1764
Exp1_linear_probing,KTH-TIPS2-b,linear_probe,lbp,knn,0.8932495568886372,0.0070275594431258,3564,54
Exp1_linear_probing,KTH-TIPS2-b,linear_probe,resnet101,knn,0.993555721183442,0.0022753646205428,3564,2048
Exp1_linear_probing,KTH-TIPS2-b,linear_probe,resnet50,knn,0.9935472968077508,0.0019194214417905,3564,2048
Exp1_linear_probing,KTH-TIPS2-b,linear_probe,swin_t,knn,0.997199894145084,0.0023422869453857,3564,768
Exp1_linear_probing,KTH-TIPS2-b,linear_probe,vgg16,knn,0.9895914972247144,0.0051008483637719,3564,4096
Exp1_linear_probing,KTH-TIPS2-b,linear_probe,vit_b16,knn,0.9988788496279926,0.0010472553443679,3564,768
Exp1_linear_probing,VisTex,linear_probe,convnext_v2_t,svm,0.6496373509531405,0.0690479213461193,167,768
Exp1_linear_probing,VisTex,linear_probe,deit_s,knn,0.6242295620002387,0.1052976261048829,167,384
Exp1_linear_probing,VisTex,linear_probe,densenet121,knn,0.6207205513784461,0.1203453129492917,167,1024
Exp1_linear_probing,VisTex,linear_probe,dinov2,knn,0.7343150932887775,0.0547019095081636,167,768
Exp1_linear_probing,VisTex,linear_probe,dinov2_large,svm,0.7204899791566459,0.1077560085161221,167,1024
Exp1_linear_probing,VisTex,linear_probe,dinov2_small,knn,0.6824022556390977,0.0387984213968967,167,384
Exp1_linear_probing,VisTex,linear_probe,drlbp,knn,0.3204897959183673,0.025697713138504,167,80
Exp1_linear_probing,VisTex,linear_probe,efficientnet_b0,svm,0.6574039982110157,0.0659636862070964,167,1280
Exp1_linear_probing,VisTex,linear_probe,gabor,knn,0.2636450216450215,0.0584318451033976,167,48
Exp1_linear_probing,VisTex,linear_probe,glcm,knn,0.2480151284007118,0.0607788605326837,167,18
Exp1_linear_probing,VisTex,linear_probe,hog,knn,0.1776182586094866,0.0561785864157282,167,1764
Exp1_linear_probing,VisTex,linear_probe,lbp,knn,0.4304089390142021,0.0358919592864352,167,54
Exp1_linear_probing,VisTex,linear_probe,resnet101,knn,0.6188195488721805,0.0592146972727149,167,2048
Exp1_linear_probing,VisTex,linear_probe,resnet50,knn,0.598375104427736,0.0664211475366817,167,2048
Exp1_linear_probing,VisTex,linear_probe,swin_t,svm,0.6603506850524395,0.084357840317531,167,768
Exp1_linear_probing,VisTex,linear_probe,vgg16,knn,0.5959948084496955,0.0472123954330588,167,4096
Exp1_linear_probing,VisTex,linear_probe,vit_b16,knn,0.6816470047171801,0.055604787079691,167,768
Exp2_finetune_lora,DTD,lora,dinov2,n/a,0.8521456841406776,0.0067572886786878,5640,n/a
Exp2_finetune_lora,FMD,lora,dinov2,n/a,0.9529858661568964,0.0122022180452963,1000,n/a
Exp2_finetune_lora,KTH-TIPS2-b,lora,dinov2,n/a,0.998599164017236,0.0008846160038209,3564,n/a
Exp2_finetune_lora,GTOS-Mobile,lora,dinov2,n/a,0.9802819705171368,0.0046919737485421,4991,n/a
Exp2_finetune_lora,VisTex,lora,dinov2,n/a,0.6190154076870868,0.072316073771024,167,n/a
Exp3_concat_prefix,DTD,k=1,lbp,svm,0.1013831547305961,0.0098174527462078,n/a,54
Exp3_concat_prefix,DTD,k=1,lbp,knn,0.25458927462799,0.0140229139416499,n/a,54
Exp3_concat_prefix,DTD,k=1,lbp,rf,0.3255628803805238,0.0144867148069111,n/a,54
Exp3_concat_prefix,DTD,k=2,lbp + glcm,svm,0.1328014871240133,0.0092878156714804,n/a,72
Exp3_concat_prefix,DTD,k=2,lbp + glcm,knn,0.2585622586047081,0.0115469614407813,n/a,72
Exp3_concat_prefix,DTD,k=2,lbp + glcm,rf,0.335428440854293,0.010284967422416,n/a,72
Exp3_concat_prefix,DTD,k=3,lbp + glcm + gabor,svm,0.1586492559368647,0.0060498955954174,n/a,120
Exp3_concat_prefix,DTD,k=3,lbp + glcm + gabor,knn,0.2517523211128619,0.0147389001384705,n/a,120
Exp3_concat_prefix,DTD,k=3,lbp + glcm + gabor,rf,0.3529563936852141,0.0090914043299107,n/a,120
Exp3_concat_prefix,DTD,k=4,lbp + glcm + gabor + hog,svm,0.2476653318546077,0.0031470380399852,n/a,1884
Exp3_concat_prefix,DTD,k=4,lbp + glcm + gabor + hog,knn,0.2285924428229321,0.0089868696349419,n/a,1884
Exp3_concat_prefix,DTD,k=4,lbp + glcm + gabor + hog,rf,0.3273914864000317,0.0165178967299221,n/a,1884
Exp3_concat_prefix,DTD,k=5,lbp + glcm + gabor + hog + drlbp,svm,0.2651047852429103,0.0041131215833407,n/a,1964
Exp3_concat_prefix,DTD,k=5,lbp + glcm + gabor + hog + drlbp,knn,0.2450081104719414,0.0138994352815457,n/a,1964
Exp3_concat_prefix,DTD,k=5,lbp + glcm + gabor + hog + drlbp,rf,0.3351763372849921,0.0143460415353289,n/a,1964
Exp3_concat_prefix,DTD,k=6,lbp + glcm + gabor + hog + drlbp + resnet50,svm,0.7477409879142013,0.0104563607873693,n/a,4012
Exp3_concat_prefix,DTD,k=6,lbp + glcm + gabor + hog + drlbp + resnet50,knn,0.6713105380873496,0.009321487315115,n/a,4012
Exp3_concat_prefix,DTD,k=6,lbp + glcm + gabor + hog + drlbp + resnet50,rf,0.6625544190529533,0.008031981731774,n/a,4012
Exp3_concat_prefix,DTD,k=7,lbp + glcm + gabor + hog + drlbp + resnet50 + conv,svm,0.7951726735542123,0.010304153249579,n/a,4780
Exp3_concat_prefix,DTD,k=7,lbp + glcm + gabor + hog + drlbp + resnet50 + conv,knn,0.7384113739727005,0.0154040525007346,n/a,4780
Exp3_concat_prefix,DTD,k=7,lbp + glcm + gabor + hog + drlbp + resnet50 + conv,rf,0.7095486717818538,0.0162958340909686,n/a,4780
Exp3_concat_prefix,DTD,k=8,lbp + glcm + gabor + hog + drlbp + resnet50 + conv,svm,0.7985396815257307,0.005212785990322,n/a,6060
Exp3_concat_prefix,DTD,k=8,lbp + glcm + gabor + hog + drlbp + resnet50 + conv,knn,0.7447208648090189,0.0076981141444595,n/a,6060
Exp3_concat_prefix,DTD,k=8,lbp + glcm + gabor + hog + drlbp + resnet50 + conv,rf,0.7096967847970148,0.0102273919042155,n/a,6060
Exp3_concat_prefix,DTD,k=9,lbp + glcm + gabor + hog + drlbp + resnet50 + conv,svm,0.8098934511081394,0.008040604274209,n/a,6828
Exp3_concat_prefix,DTD,k=9,lbp + glcm + gabor + hog + drlbp + resnet50 + conv,knn,0.76035993284179,0.0113060048645441,n/a,6828
Exp3_concat_prefix,DTD,k=9,lbp + glcm + gabor + hog + drlbp + resnet50 + conv,rf,0.7180537089107164,0.0108386708050933,n/a,6828
Exp3_concat_prefix,DTD,k=10,lbp + glcm + gabor + hog + drlbp + resnet50 + conv,svm,0.8106521519457015,0.0063445158824281,n/a,7596
Exp3_concat_prefix,DTD,k=10,lbp + glcm + gabor + hog + drlbp + resnet50 + conv,knn,0.7542715711836776,0.0079836458485982,n/a,7596
Exp3_concat_prefix,DTD,k=10,lbp + glcm + gabor + hog + drlbp + resnet50 + conv,rf,0.7223859296913535,0.0083003544321013,n/a,7596
Exp3_concat_prefix,DTD,k=11,lbp + glcm + gabor + hog + drlbp + resnet50 + conv,svm,0.808701076077266,0.0082938603232398,n/a,7980
Exp3_concat_prefix,DTD,k=11,lbp + glcm + gabor + hog + drlbp + resnet50 + conv,knn,0.754938352494093,0.0074957416373184,n/a,7980
Exp3_concat_prefix,DTD,k=11,lbp + glcm + gabor + hog + drlbp + resnet50 + conv,rf,0.7230600954042201,0.0090628338999546,n/a,7980
Exp3_concat_prefix,DTD,k=12,lbp + glcm + gabor + hog + drlbp + resnet50 + conv,svm,0.8442790376517305,0.0088863128429882,n/a,8748
Exp3_concat_prefix,DTD,k=12,lbp + glcm + gabor + hog + drlbp + resnet50 + conv,knn,0.7902881824533521,0.0063631407383056,n/a,8748
Exp3_concat_prefix,DTD,k=12,lbp + glcm + gabor + hog + drlbp + resnet50 + conv,rf,0.7856227764325754,0.0109846773008659,n/a,8748
Exp3_concat_prefix,FMD,k=1,lbp,svm,0.198025039196208,0.010739450608124,n/a,54
Exp3_concat_prefix,FMD,k=1,lbp,knn,0.2459982946560048,0.0116742472436962,n/a,54
Exp3_concat_prefix,FMD,k=1,lbp,rf,0.3183169461951649,0.0255532584246759,n/a,54
Exp3_concat_prefix,FMD,k=2,lbp + glcm,svm,0.2110844097886319,0.0128251306660253,n/a,72
Exp3_concat_prefix,FMD,k=2,lbp + glcm,knn,0.2436652165533184,0.0306851403687221,n/a,72
Exp3_concat_prefix,FMD,k=2,lbp + glcm,rf,0.3385623718243048,0.0330615647622785,n/a,72
Exp3_concat_prefix,FMD,k=3,lbp + glcm + gabor,svm,0.2122856167320059,0.0125255490476582,n/a,120
Exp3_concat_prefix,FMD,k=3,lbp + glcm + gabor,knn,0.2608935244113904,0.0335286498481547,n/a,120
Exp3_concat_prefix,FMD,k=3,lbp + glcm + gabor,rf,0.38330219925752,0.0315186170883227,n/a,120
Exp3_concat_prefix,FMD,k=4,lbp + glcm + gabor + hog,svm,0.3116065895606227,0.0257650610299072,n/a,1884
Exp3_concat_prefix,FMD,k=4,lbp + glcm + gabor + hog,knn,0.1845837107410174,0.0144476283416702,n/a,1884
Exp3_concat_prefix,FMD,k=4,lbp + glcm + gabor + hog,rf,0.3725014638340932,0.0192029010321992,n/a,1884
Exp3_concat_prefix,FMD,k=5,lbp + glcm + gabor + hog + drlbp,svm,0.3193465660769531,0.0205310325649284,n/a,1964
Exp3_concat_prefix,FMD,k=5,lbp + glcm + gabor + hog + drlbp,knn,0.1977339842713366,0.0182176578716746,n/a,1964
Exp3_concat_prefix,FMD,k=5,lbp + glcm + gabor + hog + drlbp,rf,0.3639410628593893,0.0122589855400088,n/a,1964
Exp3_concat_prefix,FMD,k=6,lbp + glcm + gabor + hog + drlbp + resnet50,svm,0.8325789006406252,0.0156179262040881,n/a,4012
Exp3_concat_prefix,FMD,k=6,lbp + glcm + gabor + hog + drlbp + resnet50,knn,0.7284961828252872,0.0134401587226453,n/a,4012
Exp3_concat_prefix,FMD,k=6,lbp + glcm + gabor + hog + drlbp + resnet50,rf,0.782354106070744,0.0291080162062874,n/a,4012
Exp3_concat_prefix,FMD,k=7,lbp + glcm + gabor + hog + drlbp + resnet50 + conv,svm,0.8953807434411114,0.0132389447630069,n/a,4780
Exp3_concat_prefix,FMD,k=7,lbp + glcm + gabor + hog + drlbp + resnet50 + conv,knn,0.8449418690080408,0.0168092526585314,n/a,4780
Exp3_concat_prefix,FMD,k=7,lbp + glcm + gabor + hog + drlbp + resnet50 + conv,rf,0.8223914483100913,0.0144947722354825,n/a,4780
Exp3_concat_prefix,FMD,k=8,lbp + glcm + gabor + hog + drlbp + resnet50 + conv,svm,0.8982188772728374,0.0179731073563765,n/a,6060
Exp3_concat_prefix,FMD,k=8,lbp + glcm + gabor + hog + drlbp + resnet50 + conv,knn,0.8493704208122999,0.0092941161300371,n/a,6060
Exp3_concat_prefix,FMD,k=8,lbp + glcm + gabor + hog + drlbp + resnet50 + conv,rf,0.8307765428561362,0.0329398154134512,n/a,6060
Exp3_concat_prefix,FMD,k=9,lbp + glcm + gabor + hog + drlbp + resnet50 + conv,svm,0.9190160323906472,0.0100541189617311,n/a,6828
Exp3_concat_prefix,FMD,k=9,lbp + glcm + gabor + hog + drlbp + resnet50 + conv,knn,0.8686702983587484,0.0090229340551922,n/a,6828
Exp3_concat_prefix,FMD,k=9,lbp + glcm + gabor + hog + drlbp + resnet50 + conv,rf,0.8379929695119033,0.0143913979236735,n/a,6828
Exp3_concat_prefix,FMD,k=10,lbp + glcm + gabor + hog + drlbp + resnet50 + conv,svm,0.918169967458192,0.0169741141441804,n/a,7596
Exp3_concat_prefix,FMD,k=10,lbp + glcm + gabor + hog + drlbp + resnet50 + conv,knn,0.8584434285469902,0.0093764180011091,n/a,7596
Exp3_concat_prefix,FMD,k=10,lbp + glcm + gabor + hog + drlbp + resnet50 + conv,rf,0.8401032354763454,0.0202577259971858,n/a,7596
Exp3_concat_prefix,FMD,k=11,lbp + glcm + gabor + hog + drlbp + resnet50 + conv,svm,0.9152469444621774,0.0201155601987333,n/a,7980
Exp3_concat_prefix,FMD,k=11,lbp + glcm + gabor + hog + drlbp + resnet50 + conv,knn,0.8537523659927251,0.0175833168215396,n/a,7980
Exp3_concat_prefix,FMD,k=11,lbp + glcm + gabor + hog + drlbp + resnet50 + conv,rf,0.8434894952173216,0.0180156728792788,n/a,7980
Exp3_concat_prefix,FMD,k=12,lbp + glcm + gabor + hog + drlbp + resnet50 + conv,svm,0.9400518463327072,0.0155571588245533,n/a,8748
Exp3_concat_prefix,FMD,k=12,lbp + glcm + gabor + hog + drlbp + resnet50 + conv,knn,0.8766266919656621,0.0187219020400598,n/a,8748
Exp3_concat_prefix,FMD,k=12,lbp + glcm + gabor + hog + drlbp + resnet50 + conv,rf,0.8793799180595793,0.0116909551661263,n/a,8748
Exp3_concat_prefix,KTH-TIPS2,k=1,lbp,svm,0.4877252216252635,0.0089103777853296,n/a,54
Exp3_concat_prefix,KTH-TIPS2,k=1,lbp,knn,0.8822630036704855,0.011302383040378,n/a,54
Exp3_concat_prefix,KTH-TIPS2,k=1,lbp,rf,0.922858397898494,0.0077201417965621,n/a,54
Exp3_concat_prefix,KTH-TIPS2,k=2,lbp + glcm,svm,0.514969088380689,0.0118655988879812,n/a,72
Exp3_concat_prefix,KTH-TIPS2,k=2,lbp + glcm,knn,0.9055791773587242,0.00758190544832,n/a,72
Exp3_concat_prefix,KTH-TIPS2,k=2,lbp + glcm,rf,0.9396791883448652,0.0059054629273658,n/a,72
Exp3_concat_prefix,KTH-TIPS2,k=3,lbp + glcm + gabor,svm,0.6268901116739845,0.0066742593317844,n/a,120
Exp3_concat_prefix,KTH-TIPS2,k=3,lbp + glcm + gabor,knn,0.9237502830978512,0.012569415670313,n/a,120
Exp3_concat_prefix,KTH-TIPS2,k=3,lbp + glcm + gabor,rf,0.9603436693873176,0.002922245591129,n/a,120
Exp3_concat_prefix,KTH-TIPS2,k=4,lbp + glcm + gabor + hog,svm,0.7633208669720302,0.0079659515434366,n/a,1884
Exp3_concat_prefix,KTH-TIPS2,k=4,lbp + glcm + gabor + hog,knn,0.811379713226134,0.0055363013499436,n/a,1884
Exp3_concat_prefix,KTH-TIPS2,k=4,lbp + glcm + gabor + hog,rf,0.921719405866694,0.0068917781633878,n/a,1884
Exp3_concat_prefix,KTH-TIPS2,k=5,lbp + glcm + gabor + hog + drlbp,svm,0.7855796098723752,0.0092231442883801,n/a,1964
Exp3_concat_prefix,KTH-TIPS2,k=5,lbp + glcm + gabor + hog + drlbp,knn,0.8239626885758484,0.0098443322809544,n/a,1964
Exp3_concat_prefix,KTH-TIPS2,k=5,lbp + glcm + gabor + hog + drlbp,rf,0.935586433741711,0.0061166291783706,n/a,1964
Exp3_concat_prefix,KTH-TIPS2,k=6,lbp + glcm + gabor + hog + drlbp + resnet50,svm,0.9908988821751056,0.0019769913227251,n/a,4012
Exp3_concat_prefix,KTH-TIPS2,k=6,lbp + glcm + gabor + hog + drlbp + resnet50,knn,0.996666560794996,0.0023418378000439,n/a,4012
Exp3_concat_prefix,KTH-TIPS2,k=6,lbp + glcm + gabor + hog + drlbp + resnet50,rf,0.9900857229855864,0.0022342376565609,n/a,4012
Exp3_concat_prefix,KTH-TIPS2,k=7,lbp + glcm + gabor + hog + drlbp + resnet50 + conv,svm,0.9995518496118344,0.0005490648774389,n/a,4780
Exp3_concat_prefix,KTH-TIPS2,k=7,lbp + glcm + gabor + hog + drlbp + resnet50 + conv,knn,0.9988731151240934,0.0014339931913719,n/a,4780
Exp3_concat_prefix,KTH-TIPS2,k=7,lbp + glcm + gabor + hog + drlbp + resnet50 + conv,rf,0.9982370159755618,0.0011245029048608,n/a,4780
Exp3_concat_prefix,KTH-TIPS2,k=8,lbp + glcm + gabor + hog + drlbp + resnet50 + conv,svm,0.9997805517273288,0.0004388965453422,n/a,6060
Exp3_concat_prefix,KTH-TIPS2,k=8,lbp + glcm + gabor + hog + drlbp + resnet50 + conv,knn,0.9993416551819866,0.0013166896360266,n/a,6060
Exp3_concat_prefix,KTH-TIPS2,k=8,lbp + glcm + gabor + hog + drlbp + resnet50 + conv,rf,0.9984475589450724,0.0008886380366462,n/a,6060
Exp3_concat_prefix,KTH-TIPS2,k=9,lbp + glcm + gabor + hog + drlbp + resnet50 + conv,svm,0.9997805517273288,0.0004388965453422,n/a,6828
Exp3_concat_prefix,KTH-TIPS2,k=9,lbp + glcm + gabor + hog + drlbp + resnet50 + conv,knn,0.9997805517273288,0.0004388965453422,n/a,6828
Exp3_concat_prefix,KTH-TIPS2,k=9,lbp + glcm + gabor + hog + drlbp + resnet50 + conv,rf,0.9982197562909658,0.0009030345436344,n/a,6828
Exp3_concat_prefix,KTH-TIPS2,k=10,lbp + glcm + gabor + hog + drlbp + resnet50 + conv,svm,0.9997805517273288,0.0004388965453422,n/a,7596
Exp3_concat_prefix,KTH-TIPS2,k=10,lbp + glcm + gabor + hog + drlbp + resnet50 + conv,knn,0.9997805517273288,0.0004388965453422,n/a,7596
Exp3_concat_prefix,KTH-TIPS2,k=10,lbp + glcm + gabor + hog + drlbp + resnet50 + conv,rf,0.9988798619703444,0.0007115316931988,n/a,7596
Exp3_concat_prefix,KTH-TIPS2,k=11,lbp + glcm + gabor + hog + drlbp + resnet50 + conv,svm,0.9997805517273288,0.0004388965453422,n/a,7980
Exp3_concat_prefix,KTH-TIPS2,k=11,lbp + glcm + gabor + hog + drlbp + resnet50 + conv,knn,0.9997805517273288,0.0004388965453422,n/a,7980
Exp3_concat_prefix,KTH-TIPS2,k=11,lbp + glcm + gabor + hog + drlbp + resnet50 + conv,rf,0.9993401703844498,0.0005387525295058,n/a,7980
Exp3_concat_prefix,KTH-TIPS2,k=12,lbp + glcm + gabor + hog + drlbp + resnet50 + conv,svm,0.9997805517273288,0.0004388965453422,n/a,8748
Exp3_concat_prefix,KTH-TIPS2,k=12,lbp + glcm + gabor + hog + drlbp + resnet50 + conv,knn,0.9997805517273288,0.0004388965453422,n/a,8748
Exp3_concat_prefix,KTH-TIPS2,k=12,lbp + glcm + gabor + hog + drlbp + resnet50 + conv,rf,0.999329487936418,0.0008991629506585,n/a,8748
Exp3_concat_prefix,HVD_glaucoma,k=1,lbp,svm,0.4197891406068171,0.011508132538197,n/a,54
Exp3_concat_prefix,HVD_glaucoma,k=1,lbp,knn,0.554152657407536,0.0115807245526233,n/a,54
Exp3_concat_prefix,HVD_glaucoma,k=1,lbp,rf,0.5834963437479014,0.0334398070033498,n/a,54
Exp3_concat_prefix,HVD_glaucoma,k=2,lbp + glcm,svm,0.4274009611290721,0.0084284322248665,n/a,72
Exp3_concat_prefix,HVD_glaucoma,k=2,lbp + glcm,knn,0.5619413333346529,0.0086770561875011,n/a,72
Exp3_concat_prefix,HVD_glaucoma,k=2,lbp + glcm,rf,0.5804342762217164,0.0318141479138196,n/a,72
Exp3_concat_prefix,HVD_glaucoma,k=3,lbp + glcm + gabor,svm,0.456492151139323,0.0148765291666552,n/a,120
Exp3_concat_prefix,HVD_glaucoma,k=3,lbp + glcm + gabor,knn,0.5590375421605155,0.0296630610331853,n/a,120
Exp3_concat_prefix,HVD_glaucoma,k=3,lbp + glcm + gabor,rf,0.6104607928290416,0.0255992398435694,n/a,120
Exp3_concat_prefix,HVD_glaucoma,k=4,lbp + glcm + gabor + hog,svm,0.5113113298463356,0.0167088813124405,n/a,1884
Exp3_concat_prefix,HVD_glaucoma,k=4,lbp + glcm + gabor + hog,knn,0.5848633914644765,0.0306613720576615,n/a,1884
Exp3_concat_prefix,HVD_glaucoma,k=4,lbp + glcm + gabor + hog,rf,0.5516630603141793,0.0293437889028635,n/a,1884
Exp3_concat_prefix,HVD_glaucoma,k=5,lbp + glcm + gabor + hog + drlbp,svm,0.5156927350520791,0.0218544466830743,n/a,1964
Exp3_concat_prefix,HVD_glaucoma,k=5,lbp + glcm + gabor + hog + drlbp,knn,0.5844693968331276,0.026462494385024,n/a,1964
Exp3_concat_prefix,HVD_glaucoma,k=5,lbp + glcm + gabor + hog + drlbp,rf,0.5525735131148659,0.0232277950403095,n/a,1964
Exp3_concat_prefix,HVD_glaucoma,k=6,lbp + glcm + gabor + hog + drlbp + resnet50,svm,0.6880444129710719,0.0178900935556705,n/a,4012
Exp3_concat_prefix,HVD_glaucoma,k=6,lbp + glcm + gabor + hog + drlbp + resnet50,knn,0.6196581477091686,0.0217194991380718,n/a,4012
Exp3_concat_prefix,HVD_glaucoma,k=6,lbp + glcm + gabor + hog + drlbp + resnet50,rf,0.6197534459799432,0.0367589658466495,n/a,4012
Exp3_concat_prefix,HVD_glaucoma,k=7,lbp + glcm + gabor + hog + drlbp + resnet50 + conv,svm,0.7205114110718819,0.0128663221672493,n/a,4780
Exp3_concat_prefix,HVD_glaucoma,k=7,lbp + glcm + gabor + hog + drlbp + resnet50 + conv,knn,0.671472660783502,0.0287132036684097,n/a,4780
Exp3_concat_prefix,HVD_glaucoma,k=7,lbp + glcm + gabor + hog + drlbp + resnet50 + conv,rf,0.6672965398443135,0.0207306271821144,n/a,4780
Exp3_concat_prefix,HVD_glaucoma,k=8,lbp + glcm + gabor + hog + drlbp + resnet50 + conv,svm,0.7394482810600977,0.0066009522049993,n/a,6060
Exp3_concat_prefix,HVD_glaucoma,k=8,lbp + glcm + gabor + hog + drlbp + resnet50 + conv,knn,0.67240579244752,0.0152825222097379,n/a,6060
Exp3_concat_prefix,HVD_glaucoma,k=8,lbp + glcm + gabor + hog + drlbp + resnet50 + conv,rf,0.6846508349933803,0.0298049894833455,n/a,6060
Exp3_concat_prefix,HVD_glaucoma,k=9,lbp + glcm + gabor + hog + drlbp + resnet50 + conv,svm,0.7610807400723291,0.0186469155216021,n/a,6828
Exp3_concat_prefix,HVD_glaucoma,k=9,lbp + glcm + gabor + hog + drlbp + resnet50 + conv,knn,0.6932630995903466,0.0061518539075674,n/a,6828
Exp3_concat_prefix,HVD_glaucoma,k=9,lbp + glcm + gabor + hog + drlbp + resnet50 + conv,rf,0.7022291849607518,0.0203982103224175,n/a,6828
Exp3_concat_prefix,HVD_glaucoma,k=10,lbp + glcm + gabor + hog + drlbp + resnet50 + conv,svm,0.768819269047757,0.0198498778229668,n/a,7596
Exp3_concat_prefix,HVD_glaucoma,k=10,lbp + glcm + gabor + hog + drlbp + resnet50 + conv,knn,0.7206583734330566,0.0240860383372084,n/a,7596
Exp3_concat_prefix,HVD_glaucoma,k=10,lbp + glcm + gabor + hog + drlbp + resnet50 + conv,rf,0.703293396126157,0.0252808161162895,n/a,7596
Exp3_concat_prefix,HVD_glaucoma,k=11,lbp + glcm + gabor + hog + drlbp + resnet50 + conv,svm,0.776757054338011,0.0097808144702793,n/a,7980
Exp3_concat_prefix,HVD_glaucoma,k=11,lbp + glcm + gabor + hog + drlbp + resnet50 + conv,knn,0.7105097384064082,0.0146016967436141,n/a,7980
Exp3_concat_prefix,HVD_glaucoma,k=11,lbp + glcm + gabor + hog + drlbp + resnet50 + conv,rf,0.7035580168874523,0.0300738531185679,n/a,7980
Exp3_concat_prefix,HVD_glaucoma,k=12,lbp + glcm + gabor + hog + drlbp + resnet50 + conv,svm,0.772419286213976,0.0281513328902256,n/a,8748
Exp3_concat_prefix,HVD_glaucoma,k=12,lbp + glcm + gabor + hog + drlbp + resnet50 + conv,knn,0.720321500965723,0.0271978241245279,n/a,8748
Exp3_concat_prefix,HVD_glaucoma,k=12,lbp + glcm + gabor + hog + drlbp + resnet50 + conv,rf,0.7070246806130143,0.0181131801806382,n/a,8748
Exp3_concat_prefix,ocular_toxoplasmosis,k=1,lbp,svm,0.2088888888888889,0.002721655269759,n/a,54
Exp3_concat_prefix,ocular_toxoplasmosis,k=1,lbp,knn,0.6288264077642916,0.0491655376344627,n/a,54
Exp3_concat_prefix,ocular_toxoplasmosis,k=1,lbp,rf,0.7094403714352209,0.0639940284827521,n/a,54
Exp3_concat_prefix,ocular_toxoplasmosis,k=2,lbp + glcm,svm,0.2088888888888889,0.002721655269759,n/a,72
Exp3_concat_prefix,ocular_toxoplasmosis,k=2,lbp + glcm,knn,0.6497240807931632,0.0730308585169979,n/a,72
Exp3_concat_prefix,ocular_toxoplasmosis,k=2,lbp + glcm,rf,0.7310436765023846,0.0404124420704922,n/a,72
Exp3_concat_prefix,ocular_toxoplasmosis,k=3,lbp + glcm + gabor,svm,0.2088888888888889,0.002721655269759,n/a,120
Exp3_concat_prefix,ocular_toxoplasmosis,k=3,lbp + glcm + gabor,knn,0.6759820688259536,0.0203271320580887,n/a,120
Exp3_concat_prefix,ocular_toxoplasmosis,k=3,lbp + glcm + gabor,rf,0.7451412325059068,0.0273726443427179,n/a,120
Exp3_concat_prefix,ocular_toxoplasmosis,k=4,lbp + glcm + gabor + hog,svm,0.5709207861841985,0.0382770999716639,n/a,1884
Exp3_concat_prefix,ocular_toxoplasmosis,k=4,lbp + glcm + gabor + hog,knn,0.6176569233493991,0.056865684639489,n/a,1884
Exp3_concat_prefix,ocular_toxoplasmosis,k=4,lbp + glcm + gabor + hog,rf,0.7226670862032302,0.0635551781560243,n/a,1884
Exp3_concat_prefix,ocular_toxoplasmosis,k=5,lbp + glcm + gabor + hog + drlbp,svm,0.5887397129662068,0.0376544100308282,n/a,1964
Exp3_concat_prefix,ocular_toxoplasmosis,k=5,lbp + glcm + gabor + hog + drlbp,knn,0.6406948654010447,0.0777451396953451,n/a,1964
Exp3_concat_prefix,ocular_toxoplasmosis,k=5,lbp + glcm + gabor + hog + drlbp,rf,0.7271576967732877,0.0778999058321012,n/a,1964
Exp3_concat_prefix,ocular_toxoplasmosis,k=6,lbp + glcm + gabor + hog + drlbp + resnet50,svm,0.7627445547758614,0.0539343267137492,n/a,4012
Exp3_concat_prefix,ocular_toxoplasmosis,k=6,lbp + glcm + gabor + hog + drlbp + resnet50,knn,0.7340759324582921,0.0427159637011766,n/a,4012
Exp3_concat_prefix,ocular_toxoplasmosis,k=6,lbp + glcm + gabor + hog + drlbp + resnet50,rf,0.7590573823939639,0.0657388180979954,n/a,4012
Exp3_concat_prefix,ocular_toxoplasmosis,k=7,lbp + glcm + gabor + hog + drlbp + resnet50 + conv,svm,0.7929409652111947,0.0430242411985697,n/a,4780
Exp3_concat_prefix,ocular_toxoplasmosis,k=7,lbp + glcm + gabor + hog + drlbp + resnet50 + conv,knn,0.7313532876633312,0.067462757100595,n/a,4780
Exp3_concat_prefix,ocular_toxoplasmosis,k=7,lbp + glcm + gabor + hog + drlbp + resnet50 + conv,rf,0.7797671377430324,0.0523879481230704,n/a,4780
Exp3_concat_prefix,ocular_toxoplasmosis,k=8,lbp + glcm + gabor + hog + drlbp + resnet50 + conv,svm,0.8140726594803146,0.0381397740044908,n/a,6060
Exp3_concat_prefix,ocular_toxoplasmosis,k=8,lbp + glcm + gabor + hog + drlbp + resnet50 + conv,knn,0.7385109745932343,0.0510110506183477,n/a,6060
Exp3_concat_prefix,ocular_toxoplasmosis,k=8,lbp + glcm + gabor + hog + drlbp + resnet50 + conv,rf,0.7883396010205456,0.0588980435425995,n/a,6060
Exp3_concat_prefix,ocular_toxoplasmosis,k=9,lbp + glcm + gabor + hog + drlbp + resnet50 + conv,svm,0.8113550169450372,0.0554620261800254,n/a,6828
Exp3_concat_prefix,ocular_toxoplasmosis,k=9,lbp + glcm + gabor + hog + drlbp + resnet50 + conv,knn,0.7508071783698969,0.0449412293516433,n/a,6828
Exp3_concat_prefix,ocular_toxoplasmosis,k=9,lbp + glcm + gabor + hog + drlbp + resnet50 + conv,rf,0.7647564349779711,0.0563308513507695,n/a,6828
Exp3_concat_prefix,ocular_toxoplasmosis,k=10,lbp + glcm + gabor + hog + drlbp + resnet50 + conv,svm,0.8165533663271697,0.0407524869181944,n/a,7596
Exp3_concat_prefix,ocular_toxoplasmosis,k=10,lbp + glcm + gabor + hog + drlbp + resnet50 + conv,knn,0.7785811524469584,0.0583317076228599,n/a,7596
Exp3_concat_prefix,ocular_toxoplasmosis,k=10,lbp + glcm + gabor + hog + drlbp + resnet50 + conv,rf,0.771703940075317,0.0593502204137702,n/a,7596
Exp3_concat_prefix,ocular_toxoplasmosis,k=11,lbp + glcm + gabor + hog + drlbp + resnet50 + conv,svm,0.8340248928321022,0.0413901086206141,n/a,7980
Exp3_concat_prefix,ocular_toxoplasmosis,k=11,lbp + glcm + gabor + hog + drlbp + resnet50 + conv,knn,0.7850915192644957,0.0337630585472138,n/a,7980
Exp3_concat_prefix,ocular_toxoplasmosis,k=11,lbp + glcm + gabor + hog + drlbp + resnet50 + conv,rf,0.7884427105902291,0.0577682649574181,n/a,7980
Exp3_concat_prefix,ocular_toxoplasmosis,k=12,lbp + glcm + gabor + hog + drlbp + resnet50 + conv,svm,0.847704972194661,0.0355785421074312,n/a,8748
Exp3_concat_prefix,ocular_toxoplasmosis,k=12,lbp + glcm + gabor + hog + drlbp + resnet50 + conv,knn,0.765586227555114,0.0628926592271234,n/a,8748
Exp3_concat_prefix,ocular_toxoplasmosis,k=12,lbp + glcm + gabor + hog + drlbp + resnet50 + conv,rf,0.797354240409796,0.0516409155170868,n/a,8748
Exp3_GFS,DTD,step_1,?,svm,0.8419999489268051,0.0056994432132429,n/a,n/a
Exp3_GFS,DTD,step_2,?,svm,0.8601379691602802,0.0073550870833643,n/a,n/a
Exp3_GFS,DTD,step_3,?,svm,0.8675545870890792,0.005408275019121,n/a,n/a
Exp3_GFS,DTD,step_4,?,svm,0.8682765980317141,0.0058846122292832,n/a,n/a
Exp3_GFS,DTD,step_5,?,svm,0.8678440986714868,0.0074209053409639,n/a,n/a
Exp3_GFS,FMD,step_1,?,svm,0.9570619215520252,0.0162165702846957,n/a,n/a
Exp3_GFS,FMD,step_2,?,svm,0.9730245714569088,0.0116120402673501,n/a,n/a
Exp3_GFS,FMD,step_3,?,svm,0.9720478002606252,0.0102716018728798,n/a,n/a
Exp3_GFS,KTH-TIPS2-b,step_1,?,svm,0.9988788496279926,0.0010502154139078,n/a,n/a
Exp3_GFS,KTH-TIPS2-b,step_2,?,svm,0.9997202631678044,0.0005594736643911,n/a,n/a
Exp3_GFS,KTH-TIPS2-b,step_3,?,svm,0.9997202631678044,0.0005594736643911,n/a,n/a
Exp3_GFS,VisTex,step_1,?,svm,0.7304820131135921,0.0633311662995524,n/a,n/a
Exp3_GFS,VisTex,step_2,?,svm,0.9004556677890012,0.0834541287175206,n/a,n/a
Exp3_GFS,VisTex,step_3,?,svm,0.9172738791423,0.0504087886985962,n/a,n/a
Exp3_GFS,VisTex,step_4,?,svm,0.9181627680311892,0.0494354905283851,n/a,n/a
Exp3_GFS,VisTex,step_5,?,svm,0.9227923976608188,0.0454965122711957,n/a,n/a
Exp3_GFS,VisTex,step_6,?,svm,0.9178541260558803,0.0497483000887704,n/a,n/a
