dataset,k,extractors,clf,dim,mean_accuracy,std_accuracy,mean_f1,std_f1,time_s
CUReT,1,lbp,svm,54,0.15786885245901638,0.005878826582636427,0.15186419354228192,0.009226531604705544,5.3
CUReT,1,lbp,knn,54,0.6740983606557377,0.014904515583843567,0.6774519910720878,0.013975571543622216,0.1
CUReT,1,lbp,rf,54,0.7777049180327869,0.007058704964462636,0.7809431334492919,0.0067271580140708265,2.8
CUReT,1,lbp,resmlp,54,0.7965573770491803,0.05273085306365986,0.7965298805534082,0.05121626272375502,11.8
CUReT,2,lbp + glcm,svm,72,0.20147540983606554,0.012261155377911578,0.17991776435972723,0.014095234912639459,5.5
CUReT,2,lbp + glcm,knn,72,0.7247540983606557,0.01392381466726954,0.7240967719187719,0.013795215601916547,0.1
CUReT,2,lbp + glcm,rf,72,0.8588524590163935,0.010817187991031872,0.859343204449957,0.01039917910454457,2.9
CUReT,2,lbp + glcm,resmlp,72,0.8681967213114754,0.03381741130210132,0.8684599092220875,0.03355936298828035,13.1
CUReT,3,lbp + glcm + gabor,svm,120,0.2760655737704918,0.01863668392278335,0.26909811047975074,0.016540930979947636,5.8
CUReT,3,lbp + glcm + gabor,knn,120,0.7496721311475409,0.016610044460970943,0.7503322948142868,0.01586391937575621,0.1
CUReT,3,lbp + glcm + gabor,rf,120,0.899672131147541,0.004961556049318536,0.8998515393373768,0.00491526977254129,3.4
CUReT,3,lbp + glcm + gabor,resmlp,120,0.8998360655737704,0.023133929960105926,0.8988743524475572,0.024126563194779252,11.2
CUReT,4,lbp + glcm + gabor + hog,svm,1884,0.7337704918032786,0.01229398902246078,0.7371113542467741,0.012671162283742793,46.3
CUReT,4,lbp + glcm + gabor + hog,knn,1884,0.7134426229508197,0.01578885131519279,0.7192753779660166,0.014555831595395073,1.3
CUReT,4,lbp + glcm + gabor + hog,rf,1884,0.9127868852459017,0.010832084286348726,0.91261179926432,0.010834715654975959,14.6
CUReT,4,lbp + glcm + gabor + hog,resmlp,1884,0.96,0.008894858994262646,0.959835958644427,0.009132765608676945,8.5
CUReT,5,lbp + glcm + gabor + hog + drlbp,svm,1964,0.7860655737704917,0.010874179640509499,0.7890518314976056,0.01053011267199152,45.4
CUReT,5,lbp + glcm + gabor + hog + drlbp,knn,1964,0.7411475409836066,0.011267436247501355,0.7457576098459443,0.011037521969758591,1.3
CUReT,5,lbp + glcm + gabor + hog + drlbp,rf,1964,0.9162295081967212,0.01091611266530261,0.9161812354513641,0.01075229471220938,15.1
CUReT,5,lbp + glcm + gabor + hog + drlbp,resmlp,1964,0.9475409836065574,0.012387629827745971,0.947130538764358,0.012913025569081828,8.0
CUReT,6,lbp + glcm + gabor + hog + drlbp + vgg16,svm,6060,0.9818032786885246,0.0033355721228484903,0.9818493770221866,0.0032969619967617813,91.5
CUReT,6,lbp + glcm + gabor + hog + drlbp + vgg16,knn,6060,0.9167213114754098,0.003462083947859484,0.9178976005147552,0.003770914202796052,3.5
CUReT,6,lbp + glcm + gabor + hog + drlbp + vgg16,rf,6060,0.9644262295081967,0.006103118186552884,0.9643780105897177,0.00611071382040805,19.3
CUReT,6,lbp + glcm + gabor + hog + drlbp + vgg16,resmlp,6060,0.9924590163934426,0.002453545827392749,0.9924676524985434,0.002451713283264417,11.7
CUReT,7,lbp + glcm + gabor + hog + drlbp + vgg16 + resnet50,svm,8108,0.9955737704918033,0.0012267729136964064,0.9955895747132937,0.001233807643014675,115.1
CUReT,7,lbp + glcm + gabor + hog + drlbp + vgg16 + resnet50,knn,8108,0.9468852459016392,0.002996010964343744,0.9472239757479212,0.003133654352687039,4.4
CUReT,7,lbp + glcm + gabor + hog + drlbp + vgg16 + resnet50,rf,8108,0.9765573770491803,0.006036705783449803,0.9765899113644757,0.006024966599470106,26.0
CUReT,7,lbp + glcm + gabor + hog + drlbp + vgg16 + resnet50,resmlp,8108,0.9978688524590165,0.0008359048382938888,0.997853475224211,0.0008472837114380242,15.5
CUReT,8,lbp + glcm + gabor + hog + drlbp + vgg16 + resnet50 + resnet101,svm,10156,0.9978688524590165,0.00040155569553822093,0.9978650529377606,0.00039365921313642304,128.0
CUReT,8,lbp + glcm + gabor + hog + drlbp + vgg16 + resnet50 + resnet101,knn,10156,0.9588524590163935,0.0036803187410891286,0.9589868053575715,0.003702176410336659,5.6
CUReT,8,lbp + glcm + gabor + hog + drlbp + vgg16 + resnet50 + resnet101,rf,10156,0.9781967213114754,0.004768209695819333,0.9781717372182289,0.004851732738211003,33.5
CUReT,8,lbp + glcm + gabor + hog + drlbp + vgg16 + resnet50 + resnet101,resmlp,10156,0.998688524590164,0.0006557377049180247,0.9986915124060266,0.0006542853537661084,16.9
CUReT,9,lbp + glcm + gabor + hog + drlbp + vgg16 + resnet50 + resnet101 + densenet121,svm,11180,0.9985245901639346,0.00032786885245901233,0.9985262420961826,0.0003268906381013408,134.2
CUReT,9,lbp + glcm + gabor + hog + drlbp + vgg16 + resnet50 + resnet101 + densenet121,knn,11180,0.9637704918032787,0.004349671856203808,0.9639033084395063,0.004298804630838394,6.1
CUReT,9,lbp + glcm + gabor + hog + drlbp + vgg16 + resnet50 + resnet101 + densenet121,rf,11180,0.9845901639344262,0.002996010964343773,0.9846006556599771,0.002948626383844721,35.7
CUReT,9,lbp + glcm + gabor + hog + drlbp + vgg16 + resnet50 + resnet101 + densenet121,resmlp,11180,0.9990163934426229,0.0008031113910764419,0.9990151616238026,0.0008041179551551471,16.1
CUReT,10,lbp + glcm + gabor + hog + drlbp + vgg16 + resnet50 + resnet101 + densenet121 + convnext_v2_t,svm,11948,0.9988524590163934,0.0006557377049180247,0.9988587406756981,0.0006509523546403938,136.4
CUReT,10,lbp + glcm + gabor + hog + drlbp + vgg16 + resnet50 + resnet101 + densenet121 + convnext_v2_t,knn,11948,0.9703278688524591,0.002283342340521989,0.9704108366987206,0.0022936930876390153,6.4
CUReT,10,lbp + glcm + gabor + hog + drlbp + vgg16 + resnet50 + resnet101 + densenet121 + convnext_v2_t,rf,11948,0.9877049180327869,0.0037021605870938344,0.9876992069952781,0.003707669714175057,39.0
CUReT,10,lbp + glcm + gabor + hog + drlbp + vgg16 + resnet50 + resnet101 + densenet121 + convnext_v2_t,resmlp,11948,0.9991803278688526,0.0007331370418032006,0.9991798152533858,0.0007335955390150818,18.0
CUReT,11,lbp + glcm + gabor + hog + drlbp + vgg16 + resnet50 + resnet101 + densenet121 + convnext_v2_t + efficientnet_b0,svm,13228,0.9988524590163934,0.0006557377049180247,0.9988587406756981,0.0006509523546403938,143.9
CUReT,11,lbp + glcm + gabor + hog + drlbp + vgg16 + resnet50 + resnet101 + densenet121 + convnext_v2_t + efficientnet_b0,knn,13228,0.9729508196721313,0.0031533416494543202,0.9730429153402291,0.0031443202866210493,7.1
CUReT,11,lbp + glcm + gabor + hog + drlbp + vgg16 + resnet50 + resnet101 + densenet121 + convnext_v2_t + efficientnet_b0,rf,13228,0.9862295081967213,0.0051162250932220285,0.9861590647788973,0.005180026410527156,42.6
CUReT,11,lbp + glcm + gabor + hog + drlbp + vgg16 + resnet50 + resnet101 + densenet121 + convnext_v2_t + efficientnet_b0,resmlp,13228,0.9990163934426229,0.000955893753253316,0.9990151616238023,0.0009574437198712143,17.8
CUReT,12,lbp + glcm + gabor + hog + drlbp + vgg16 + resnet50 + resnet101 + densenet121 + convnext_v2_t + efficientnet_b0 + vit_b16,svm,13996,0.9988524590163934,0.0006557377049180247,0.9988587406756981,0.0006509523546403938,151.8
CUReT,12,lbp + glcm + gabor + hog + drlbp + vgg16 + resnet50 + resnet101 + densenet121 + convnext_v2_t + efficientnet_b0 + vit_b16,knn,13996,0.9757377049180327,0.002464474816126717,0.9757880777176853,0.002457762922495223,7.5
CUReT,12,lbp + glcm + gabor + hog + drlbp + vgg16 + resnet50 + resnet101 + densenet121 + convnext_v2_t + efficientnet_b0 + vit_b16,rf,13996,0.9845901639344262,0.0042559852412285765,0.9846022984106158,0.004223010007535851,45.4
CUReT,12,lbp + glcm + gabor + hog + drlbp + vgg16 + resnet50 + resnet101 + densenet121 + convnext_v2_t + efficientnet_b0 + vit_b16,resmlp,13996,0.9996721311475409,0.00040155569553822093,0.9996719261013542,0.00040180682480377584,20.1
CUReT,13,lbp + glcm + gabor + hog + drlbp + vgg16 + resnet50 + resnet101 + densenet121 + convnext_v2_t + efficientnet_b0 + vit_b16 + swin_t,svm,14764,0.9990163934426229,0.0008031113910764419,0.999022777625021,0.000797939621426632,158.5
CUReT,13,lbp + glcm + gabor + hog + drlbp + vgg16 + resnet50 + resnet101 + densenet121 + convnext_v2_t + efficientnet_b0 + vit_b16 + swin_t,knn,14764,0.9772131147540983,0.0033756164396678686,0.9772638718366377,0.003373223679466981,7.8
CUReT,13,lbp + glcm + gabor + hog + drlbp + vgg16 + resnet50 + resnet101 + densenet121 + convnext_v2_t + efficientnet_b0 + vit_b16 + swin_t,rf,14764,0.9834426229508196,0.00450148531729379,0.9834259282404284,0.0045860910242285936,47.7
CUReT,13,lbp + glcm + gabor + hog + drlbp + vgg16 + resnet50 + resnet101 + densenet121 + convnext_v2_t + efficientnet_b0 + vit_b16 + swin_t,resmlp,14764,0.9996721311475409,0.00040155569553822093,0.9996719261013542,0.00040180682480377584,20.4
CUReT,14,lbp + glcm + gabor + hog + drlbp + vgg16 + resnet50 + resnet101 + densenet121 + convnext_v2_t + efficientnet_b0 + vit_b16 + swin_t + deit_s,svm,15148,0.9991803278688526,0.0007331370418032006,0.9991830065737345,0.0007300627997714562,165.7
CUReT,14,lbp + glcm + gabor + hog + drlbp + vgg16 + resnet50 + resnet101 + densenet121 + convnext_v2_t + efficientnet_b0 + vit_b16 + swin_t + deit_s,knn,15148,0.9762295081967214,0.0039138807823978035,0.9763084938041835,0.003860917547817554,8.0
CUReT,14,lbp + glcm + gabor + hog + drlbp + vgg16 + resnet50 + resnet101 + densenet121 + convnext_v2_t + efficientnet_b0 + vit_b16 + swin_t + deit_s,rf,15148,0.9832786885245902,0.00267368957873773,0.9832526265920887,0.0027025909244746075,49.0
CUReT,14,lbp + glcm + gabor + hog + drlbp + vgg16 + resnet50 + resnet101 + densenet121 + convnext_v2_t + efficientnet_b0 + vit_b16 + swin_t + deit_s,resmlp,15148,0.9996721311475409,0.0006557377049180247,0.9996719261013544,0.0006561477972913287,20.8
CUReT,15,lbp + glcm + gabor + hog + drlbp + vgg16 + resnet50 + resnet101 + densenet121 + convnext_v2_t + efficientnet_b0 + vit_b16 + swin_t + deit_s + dinov2_small,svm,15532,0.9990163934426229,0.0008031113910764419,0.999022777625021,0.000797939621426632,162.5
CUReT,15,lbp + glcm + gabor + hog + drlbp + vgg16 + resnet50 + resnet101 + densenet121 + convnext_v2_t + efficientnet_b0 + vit_b16 + swin_t + deit_s + dinov2_small,knn,15532,0.9780327868852459,0.0032124455643058117,0.9780934091939727,0.003169993910164025,8.2
CUReT,15,lbp + glcm + gabor + hog + drlbp + vgg16 + resnet50 + resnet101 + densenet121 + convnext_v2_t + efficientnet_b0 + vit_b16 + swin_t + deit_s + dinov2_small,rf,15532,0.9868852459016393,0.0031533416494543315,0.9867928890842436,0.00319996937429861,50.3
CUReT,15,lbp + glcm + gabor + hog + drlbp + vgg16 + resnet50 + resnet101 + densenet121 + convnext_v2_t + efficientnet_b0 + vit_b16 + swin_t + deit_s + dinov2_small,resmlp,15532,0.9996721311475409,0.00040155569553822093,0.9996719261013542,0.00040180682480377584,20.6
CUReT,16,lbp + glcm + gabor + hog + drlbp + vgg16 + resnet50 + resnet101 + densenet121 + convnext_v2_t + efficientnet_b0 + vit_b16 + swin_t + deit_s + dinov2_small + dinov2,svm,16300,0.9995081967213114,0.00040155569553822093,0.9995078891520313,0.00040180682480377584,165.3
CUReT,16,lbp + glcm + gabor + hog + drlbp + vgg16 + resnet50 + resnet101 + densenet121 + convnext_v2_t + efficientnet_b0 + vit_b16 + swin_t + deit_s + dinov2_small + dinov2,knn,16300,0.9790163934426228,0.003795356361570556,0.9790907628804245,0.0037429493647040085,8.7
CUReT,16,lbp + glcm + gabor + hog + drlbp + vgg16 + resnet50 + resnet101 + densenet121 + convnext_v2_t + efficientnet_b0 + vit_b16 + swin_t + deit_s + dinov2_small + dinov2,rf,16300,0.9896721311475408,0.00471151077481966,0.9896288449325301,0.004736388404000367,54.8
CUReT,16,lbp + glcm + gabor + hog + drlbp + vgg16 + resnet50 + resnet101 + densenet121 + convnext_v2_t + efficientnet_b0 + vit_b16 + swin_t + deit_s + dinov2_small + dinov2,resmlp,16300,0.9998360655737706,0.00032786885245901233,0.9998359630506771,0.0003280738986457088,21.9
CUReT,17,lbp + glcm + gabor + hog + drlbp + vgg16 + resnet50 + resnet101 + densenet121 + convnext_v2_t + efficientnet_b0 + vit_b16 + swin_t + deit_s + dinov2_small + dinov2 + dinov2_large,svm,17324,0.9998360655737706,0.00032786885245901233,0.9998359630506771,0.0003280738986457088,196.7
CUReT,17,lbp + glcm + gabor + hog + drlbp + vgg16 + resnet50 + resnet101 + densenet121 + convnext_v2_t + efficientnet_b0 + vit_b16 + swin_t + deit_s + dinov2_small + dinov2 + dinov2_large,knn,17324,0.9826229508196722,0.0027626720567791403,0.9826696720165721,0.002734358153582987,9.5
CUReT,17,lbp + glcm + gabor + hog + drlbp + vgg16 + resnet50 + resnet101 + densenet121 + convnext_v2_t + efficientnet_b0 + vit_b16 + swin_t + deit_s + dinov2_small + dinov2 + dinov2_large,rf,17324,0.9908196721311475,0.003170340918985849,0.9908168057893775,0.0031316374164405206,58.8
CUReT,17,lbp + glcm + gabor + hog + drlbp + vgg16 + resnet50 + resnet101 + densenet121 + convnext_v2_t + efficientnet_b0 + vit_b16 + swin_t + deit_s + dinov2_small + dinov2 + dinov2_large,resmlp,17324,0.9998360655737706,0.00032786885245901233,0.9998359630506771,0.0003280738986457088,21.8
CUReT,18,lbp + glcm + gabor + hog + drlbp + vgg16 + resnet50 + resnet101 + densenet121 + convnext_v2_t + efficientnet_b0 + vit_b16 + swin_t + deit_s + dinov2_small + dinov2 + dinov2_large + eva02_base,svm,18092,0.9998360655737706,0.00032786885245901233,0.9998359630506771,0.0003280738986457088,173.8
CUReT,18,lbp + glcm + gabor + hog + drlbp + vgg16 + resnet50 + resnet101 + densenet121 + convnext_v2_t + efficientnet_b0 + vit_b16 + swin_t + deit_s + dinov2_small + dinov2 + dinov2_large + eva02_base,knn,18092,0.9824590163934426,0.0025184084419241416,0.9825006981232374,0.0025164143155714472,9.5
CUReT,18,lbp + glcm + gabor + hog + drlbp + vgg16 + resnet50 + resnet101 + densenet121 + convnext_v2_t + efficientnet_b0 + vit_b16 + swin_t + deit_s + dinov2_small + dinov2 + dinov2_large + eva02_base,rf,18092,0.9926229508196721,0.0011591914445680963,0.9926366722035823,0.001142851889137076,61.4
CUReT,18,lbp + glcm + gabor + hog + drlbp + vgg16 + resnet50 + resnet101 + densenet121 + convnext_v2_t + efficientnet_b0 + vit_b16 + swin_t + deit_s + dinov2_small + dinov2 + dinov2_large + eva02_base,resmlp,18092,1.0,0.0,1.0,0.0,23.4
CUReT,19,lbp + glcm + gabor + hog + drlbp + vgg16 + resnet50 + resnet101 + densenet121 + convnext_v2_t + efficientnet_b0 + vit_b16 + swin_t + deit_s + dinov2_small + dinov2 + dinov2_large + eva02_base + mae_base,svm,18860,0.9998360655737706,0.00032786885245901233,0.9998359630506771,0.0003280738986457088,182.6
CUReT,19,lbp + glcm + gabor + hog + drlbp + vgg16 + resnet50 + resnet101 + densenet121 + convnext_v2_t + efficientnet_b0 + vit_b16 + swin_t + deit_s + dinov2_small + dinov2 + dinov2_large + eva02_base + mae_base,knn,18860,0.9821311475409835,0.002453545827392761,0.9821626761094204,0.002431871062106924,9.9
CUReT,19,lbp + glcm + gabor + hog + drlbp + vgg16 + resnet50 + resnet101 + densenet121 + convnext_v2_t + efficientnet_b0 + vit_b16 + swin_t + deit_s + dinov2_small + dinov2 + dinov2_large + eva02_base + mae_base,rf,18860,0.9924590163934427,0.0036803187410891125,0.992448962149038,0.0036915145111698893,64.4
CUReT,19,lbp + glcm + gabor + hog + drlbp + vgg16 + resnet50 + resnet101 + densenet121 + convnext_v2_t + efficientnet_b0 + vit_b16 + swin_t + deit_s + dinov2_small + dinov2 + dinov2_large + eva02_base + mae_base,resmlp,18860,0.9998360655737706,0.00032786885245901233,0.9998359630506771,0.0003280738986457088,23.9
CUReT,20,lbp + glcm + gabor + hog + drlbp + vgg16 + resnet50 + resnet101 + densenet121 + convnext_v2_t + efficientnet_b0 + vit_b16 + swin_t + deit_s + dinov2_small + dinov2 + dinov2_large + eva02_base + mae_base + siglip_base,svm,19628,0.9996721311475409,0.00040155569553822093,0.9996719261013542,0.00040180682480377584,216.3
CUReT,20,lbp + glcm + gabor + hog + drlbp + vgg16 + resnet50 + resnet101 + densenet121 + convnext_v2_t + efficientnet_b0 + vit_b16 + swin_t + deit_s + dinov2_small + dinov2 + dinov2_large + eva02_base + mae_base + siglip_base,knn,19628,0.9832786885245902,0.0025184084419241416,0.9833110813937334,0.0024812027579129204,10.4
CUReT,20,lbp + glcm + gabor + hog + drlbp + vgg16 + resnet50 + resnet101 + densenet121 + convnext_v2_t + efficientnet_b0 + vit_b16 + swin_t + deit_s + dinov2_small + dinov2 + dinov2_large + eva02_base + mae_base + siglip_base,rf,19628,0.9918032786885245,0.0024315404875723556,0.9917985939544416,0.002440568330646692,67.3
CUReT,20,lbp + glcm + gabor + hog + drlbp + vgg16 + resnet50 + resnet101 + densenet121 + convnext_v2_t + efficientnet_b0 + vit_b16 + swin_t + deit_s + dinov2_small + dinov2 + dinov2_large + eva02_base + mae_base + siglip_base,resmlp,19628,1.0,0.0,1.0,0.0,25.4
