dataset,clf,best_extractor,best_mean_f1,best_std_f1,comparison_extractor,comparison_mean_f1,comparison_std_f1,delta,t_stat,p_value,p_value_holm,cohens_d,rank,significant_05,significant_01,significant_001
DTD,knn,dinov2,0.8029679400142475,0.01033391078401281,convnext_v2_t,0.719187252967006,0.01149084285518059,0.08378068704724151,11.74032795680824,0.0003011005297692208,0.0012044021190768832,5.2504342775838495,1,True,True,False
DTD,knn,dinov2,0.8029679400142475,0.01033391078401281,deit_s,0.62710531525479,0.01509809471751619,0.17586262475945758,21.32767099159443,2.857847651819354e-05,0.000273924849424054,9.538024427273797,2,True,True,True
DTD,knn,dinov2,0.8029679400142475,0.01033391078401281,densenet121,0.6814239592294645,0.008904152155755126,0.12154398078478301,14.807979858985528,0.00012108160506678712,0.0007264896304007227,6.622329914467061,3,True,True,True
DTD,knn,dinov2,0.8029679400142475,0.01033391078401281,dinov2_large,0.7954545803597066,0.007051937867753499,0.007513359654540919,1.4574184939464603,0.2187360513256476,0.23486659333063764,0.6517773647693891,4,False,False,False
DTD,knn,dinov2,0.8029679400142475,0.01033391078401281,dinov2_small,0.7902618439326071,0.007742536358352424,0.012706096081640417,1.9901294187778822,0.11743329666531882,0.23486659333063764,0.8900129328195562,5,False,False,False
DTD,knn,dinov2,0.8029679400142475,0.01033391078401281,drlbp,0.1418945441765175,0.006712095367396472,0.6610733958377301,144.5191509862178,1.3750263848467039e-08,2.2000422157547262e-07,64.630929124829,6,True,True,True
DTD,knn,dinov2,0.8029679400142475,0.01033391078401281,efficientnet_b0,0.6795343646435527,0.007682818280517113,0.12343357537069488,20.87541365385819,3.11168797048198e-05,0.000273924849424054,9.335768796984734,7,True,True,True
DTD,knn,dinov2,0.8029679400142475,0.01033391078401281,gabor,0.15622255382000785,0.013817348233133584,0.6467453861942397,72.98496711387187,2.1119043551946645e-07,2.745475661753064e-06,32.63986955879356,8,True,True,True
DTD,knn,dinov2,0.8029679400142475,0.01033391078401281,glcm,0.09838109034440393,0.007658411637874686,0.7045868496698436,119.85411347259974,2.9062833218659173e-08,4.359424982798876e-07,53.600389017463705,9,True,True,True
DTD,knn,dinov2,0.8029679400142475,0.01033391078401281,hog,0.15595365257731889,0.012747555500477558,0.6470142874369287,79.26167082754961,1.5185798802163356e-07,2.12601183230287e-06,35.44689679418062,10,True,True,True
DTD,knn,dinov2,0.8029679400142475,0.01033391078401281,lbp,0.25458927462799,0.01567809440807935,0.5483786653862575,63.2144699901465,3.751120861772637e-07,4.501345034127164e-06,28.270370410460192,11,True,True,True
DTD,knn,dinov2,0.8029679400142475,0.01033391078401281,resnet101,0.6873178106113144,0.005026953676847855,0.11565012940293318,17.024784530762723,6.980733213888137e-05,0.0004886513249721696,7.61371510211322,12,True,True,True
DTD,knn,dinov2,0.8029679400142475,0.01033391078401281,resnet50,0.6986331247224857,0.011950974256255346,0.1043348152917618,21.556521058382877,2.7392484942405396e-05,0.000273924849424054,9.64036928809921,13,True,True,True
DTD,knn,dinov2,0.8029679400142475,0.01033391078401281,swin_t,0.7083255820996782,0.017736658544108615,0.09464235791456932,9.690747839230854,0.0006346056933106328,0.0019038170799318983,4.333834184067426,14,True,True,False
DTD,knn,dinov2,0.8029679400142475,0.01033391078401281,vgg16,0.6236162007175681,0.007597215726495789,0.17935173929667947,45.4951536519293,1.3960249384019784e-06,1.5356274322421763e-05,20.346051240194242,15,True,True,True
DTD,knn,dinov2,0.8029679400142475,0.01033391078401281,vit_b16,0.6884382121296161,0.012685816480623882,0.11452972788463145,12.473041985639743,0.00023761678713754664,0.0011880839356877332,5.578113952948205,16,True,True,False
DTD,resmlp,dinov2_large,0.8369724833863348,0.006849398479909366,vit_b16,0.7192107410087756,0.009623603744128278,0.11776174237755921,26.76790636954623,1.1578802090854396e-05,0.00010888869782239564,11.970971650314095,1,True,True,True
DTD,resmlp,dinov2_large,0.8369724833863348,0.006849398479909366,swin_t,0.7359618570769715,0.010149111893337741,0.1010106263093633,14.638967423797908,0.00012668299759100961,0.0006334149879550481,6.546745255579109,2,True,True,True
DTD,resmlp,dinov2_large,0.8369724833863348,0.006849398479909366,deit_s,0.6609948499872317,0.013788633504541003,0.1759776333991031,22.757652513325922,2.208369033233602e-05,0.00015458583232635213,10.17753160503453,3,True,True,True
DTD,resmlp,dinov2_large,0.8369724833863348,0.006849398479909366,dinov2_small,0.8136537414952155,0.006848287726522313,0.023318741891119266,4.096352563354688,0.01489743109552958,0.02979486219105916,1.8319445581493998,4,True,False,False
DTD,resmlp,dinov2_large,0.8369724833863348,0.006849398479909366,dinov2,0.8250851899796439,0.00831736853954548,0.011887293406690924,3.448428926689782,0.02609188553788991,0.02979486219105916,1.5421842989309247,5,True,False,False
DTD,resmlp,dinov2_large,0.8369724833863348,0.006849398479909366,vgg16,0.6528744602203677,0.014052037113632315,0.18409802316596713,23.604513878405275,1.909819814798096e-05,0.00015278558518384768,10.55625952098498,6,True,True,True
DTD,resmlp,dinov2_large,0.8369724833863348,0.006849398479909366,resnet50,0.7286430059233231,0.017535966277805376,0.10832947746301169,13.030813976785641,0.00020017213308741124,0.0006412856903906847,5.82755717053592,7,True,True,True
DTD,resmlp,dinov2_large,0.8369724833863348,0.006849398479909366,resnet101,0.7346362188019427,0.00710091039819959,0.10233626458439204,27.184111750543163,1.0888869782239564e-05,0.00010888869782239564,12.157104354988851,8,True,True,True
DTD,resmlp,dinov2_large,0.8369724833863348,0.006849398479909366,densenet121,0.6890819222471631,0.006767981325418546,0.14789056113917165,97.03023689839878,6.764184146965547e-08,9.469857805751765e-07,43.3932411028134,9,True,True,True
DTD,resmlp,dinov2_large,0.8369724833863348,0.006849398479909366,efficientnet_b0,0.6968489470726089,0.011973995813323939,0.14012353631372587,19.42564692539332,4.1401435358876444e-05,0.0002484086121532587,8.687413405879246,10,True,True,True
DTD,resmlp,dinov2_large,0.8369724833863348,0.006849398479909366,convnext_v2_t,0.7601715109318582,0.01051078351510202,0.07680097245447659,13.788616901041458,0.00016032142259767118,0.0006412856903906847,6.166456940791125,11,True,True,True
DTD,resmlp,dinov2_large,0.8369724833863348,0.006849398479909366,lbp,0.37376869641134236,0.013025666047290841,0.4632037869749924,72.24937192216386,2.1991785569350688e-07,2.4190964126285755e-06,32.310901387670754,12,True,True,True
DTD,resmlp,dinov2_large,0.8369724833863348,0.006849398479909366,glcm,0.12798169722743863,0.007668839769253648,0.7089907861588962,225.42734740233243,2.3230998415638185e-09,3.7169597465021097e-08,100.81417454148003,13,True,True,True
DTD,resmlp,dinov2_large,0.8369724833863348,0.006849398479909366,gabor,0.20543227194486507,0.01775685525155043,0.6315402114414697,73.9683124192824,2.0018863400735726e-07,2.402263608088287e-06,33.07963494835879,14,True,True,True
DTD,resmlp,dinov2_large,0.8369724833863348,0.006849398479909366,hog,0.22329491134679386,0.005908748246401998,0.6136775720395409,154.2490637319315,1.0595938420274415e-08,1.5893907630411622e-07,68.98227838630508,15,True,True,True
DTD,resmlp,dinov2_large,0.8369724833863348,0.006849398479909366,drlbp,0.19532150442021118,0.012091692614065837,0.6416509789661236,82.7695216738106,1.27716487189288e-07,1.6603143334607442e-06,37.015655383421176,16,True,True,True
DTD,rf,dinov2_large,0.7793560291929074,0.007503834948270517,convnext_v2_t,0.6695942392520302,0.014099655830027097,0.10976178994087715,16.06853423141169,8.77233331262129e-05,0.0002631699993786387,7.186066967573305,1,True,True,True
DTD,rf,dinov2_large,0.7793560291929074,0.007503834948270517,deit_s,0.5590248935719739,0.014227608245527709,0.22033113562093343,28.80880843180726,8.64111069641552e-06,7.776999626773969e-05,12.883690800104667,2,True,True,True
DTD,rf,dinov2_large,0.7793560291929074,0.007503834948270517,densenet121,0.6726535103887838,0.0058293184348014,0.10670251880412351,37.70513738390849,2.954713287566298e-06,3.250184616322928e-05,16.86225005561284,3,True,True,True
DTD,rf,dinov2_large,0.7793560291929074,0.007503834948270517,dinov2,0.7764087644363241,0.009859394533582899,0.0029472647565832455,0.8697169120525605,0.4335322794553986,0.4335322794553986,0.38894922725481684,4,False,False,False
DTD,rf,dinov2_large,0.7793560291929074,0.007503834948270517,dinov2_small,0.7679438089884448,0.011802380471784413,0.011412220204462531,1.5649364980346425,0.1926494189373362,0.3852988378746724,0.699860877972266,5,False,False,False
DTD,rf,dinov2_large,0.7793560291929074,0.007503834948270517,drlbp,0.18650283034933526,0.005378062431111885,0.5928531988435721,122.22805481826857,2.6870384141046813e-08,4.29926146256749e-07,54.66204786120391,6,True,True,True
DTD,rf,dinov2_large,0.7793560291929074,0.007503834948270517,efficientnet_b0,0.6201981164803871,0.013564166122707161,0.15915791271252022,27.004474140766852,1.1180171493285843e-05,8.944137194628674e-05,12.076767974161605,7,True,True,True
DTD,rf,dinov2_large,0.7793560291929074,0.007503834948270517,gabor,0.20015169256316287,0.009867938077747196,0.5792043366297445,93.73462508149657,7.766433128801875e-08,1.0873006380322626e-06,41.91939870250275,8,True,True,True
DTD,rf,dinov2_large,0.7793560291929074,0.007503834948270517,glcm,0.1543865690231433,0.010533192785822014,0.6249694601697641,105.58169259857159,4.8254418775656436e-08,7.238162816348466e-07,47.21756836241112,9,True,True,True
DTD,rf,dinov2_large,0.7793560291929074,0.007503834948270517,hog,0.18534488903006538,0.008245393327608225,0.594011140162842,90.5350653387699,8.923409512223072e-08,1.1600432365889994e-06,40.48851208621516,10,True,True,True
DTD,rf,dinov2_large,0.7793560291929074,0.007503834948270517,lbp,0.31512373766040874,0.013177190551769797,0.4642322915324986,53.45265588500503,7.332658111059036e-07,8.799189733270842e-06,23.904754426124157,11,True,True,True
DTD,rf,dinov2_large,0.7793560291929074,0.007503834948270517,resnet101,0.6476245448721888,0.011061530375941365,0.13173148432071857,19.074197944929253,4.4509200852353016e-05,0.00020436456987341407,8.530240643677345,12,True,True,True
DTD,rf,dinov2_large,0.7793560291929074,0.007503834948270517,resnet50,0.6573724234665347,0.006031427016649713,0.12198360572637268,26.934372619962744,1.1296484810631204e-05,8.944137194628674e-05,12.045417620719718,13,True,True,True
DTD,rf,dinov2_large,0.7793560291929074,0.007503834948270517,swin_t,0.6363493975579947,0.010824777755825611,0.14300663163491267,19.488692635321364,4.087291397468281e-05,0.00020436456987341407,8.71560830450444,14,True,True,True
DTD,rf,dinov2_large,0.7793560291929074,0.007503834948270517,vgg16,0.6294805238515577,0.006346854721609773,0.14987550534134964,31.705020810563294,5.898808029913197e-06,5.8988080299131966e-05,14.17891635075161,15,True,True,True
DTD,rf,dinov2_large,0.7793560291929074,0.007503834948270517,vit_b16,0.6204737532965409,0.014674321117638242,0.1588822758963665,22.980266508503476,2.1245563409011896e-05,0.00012747338045407137,10.277087610150344,16,True,True,True
DTD,svm,dinov2,0.8419999489268051,0.006372171229355481,convnext_v2_t,0.7761061806180043,0.01686590705153389,0.06589376830880078,8.828275295145039,0.0009086220866817321,0.0027258662600451963,3.9481247365687073,1,True,True,False
DTD,svm,dinov2,0.8419999489268051,0.006372171229355481,deit_s,0.6684130613551782,0.017992428909409035,0.17358688757162688,17.32102520903939,6.520300064156641e-05,0.0005364703166174233,7.746197961134246,2,True,True,True
DTD,svm,dinov2,0.8419999489268051,0.006372171229355481,densenet121,0.703833835783481,0.011718647140411091,0.13816611314332405,17.19266686340794,6.715002324235721e-05,0.0005364703166174233,7.6887943637897775,3,True,True,True
DTD,svm,dinov2,0.8419999489268051,0.006372171229355481,dinov2_large,0.8409856671651539,0.002830984069477626,0.0010142817616511923,0.4214456987777991,0.6950913694590827,0.6950913694590827,0.18847624622338863,4,False,False,False
DTD,svm,dinov2,0.8419999489268051,0.006372171229355481,dinov2_small,0.824828279831508,0.012026452406735123,0.017171669095297104,4.1782229281806265,0.0139382868148874,0.0278765736297748,1.868558098308691,5,True,False,False
DTD,svm,dinov2,0.8419999489268051,0.006372171229355481,drlbp,0.05298564261110907,0.00673835580215003,0.789014306315696,313.95842117213465,6.174948390178403e-10,9.879917424285445e-09,140.4064743448949,6,True,True,True
DTD,svm,dinov2,0.8419999489268051,0.006372171229355481,efficientnet_b0,0.7090917453210894,0.010412916625695831,0.13290820360571565,18.196078720945934,5.364703166174233e-05,0.0005364703166174233,8.137533788296274,7,True,True,True
DTD,svm,dinov2,0.8419999489268051,0.006372171229355481,gabor,0.03167931684922291,0.0038585123159923097,0.8103206320775822,244.12353996450491,1.6891337305522097e-09,2.5337005958283143e-08,109.1753660389946,8,True,True,True
DTD,svm,dinov2,0.8419999489268051,0.006372171229355481,glcm,0.023544090113561948,0.0019473287568907876,0.8184558588132431,243.0868253201751,1.7181321619886862e-09,2.5337005958283143e-08,108.71173315566604,9,True,True,True
DTD,svm,dinov2,0.8419999489268051,0.006372171229355481,hog,0.15299408434093337,0.009555049952782996,0.6890058645858717,151.98016637242665,1.1242897463763797e-08,1.4615766702892937e-07,67.96759664139,10,True,True,True
DTD,svm,dinov2,0.8419999489268051,0.006372171229355481,lbp,0.10138315473059618,0.010976245853206341,0.7406167941962088,124.73318883922909,2.4776335849566857e-08,2.973160301948023e-07,55.7823778547654,11,True,True,True
DTD,svm,dinov2,0.8419999489268051,0.006372171229355481,resnet101,0.7272183986442279,0.011951784997281079,0.1147815502825772,17.569216211732865,6.163391674631217e-05,0.0005364703166174233,7.857192351627353,12,True,True,True
DTD,svm,dinov2,0.8419999489268051,0.006372171229355481,resnet50,0.7391694739006835,0.011389915210004068,0.10283047502612153,17.23718590968504,6.646661818425075e-05,0.0005364703166174233,7.708703886393574,13,True,True,True
DTD,svm,dinov2,0.8419999489268051,0.006372171229355481,swin_t,0.7514975616434907,0.008696303190080136,0.09050238728331439,15.042591105964375,0.00011380794241598872,0.0005364703166174233,6.727251253633964,14,True,True,True
DTD,svm,dinov2,0.8419999489268051,0.006372171229355481,vgg16,0.6663893990616858,0.014457872119381033,0.17561054986511926,23.97368965223692,1.7955225453306384e-05,0.00019750747998637023,10.72135994612245,15,True,True,True
DTD,svm,dinov2,0.8419999489268051,0.006372171229355481,vit_b16,0.732394111394336,0.01384816605290391,0.10960583753246911,18.03174574253711,5.5609316882317846e-05,0.0005364703166174233,8.064041846067783,16,True,True,True
FMD,knn,dinov2_small,0.8884188990793339,0.02270072827867357,convnext_v2_t,0.8471033991849393,0.019203847688407476,0.04131549989439465,3.638880400242819,0.02198641094423185,0.06595923283269556,1.627356787322818,1,False,False,False
FMD,knn,dinov2_small,0.8884188990793339,0.02270072827867357,deit_s,0.7414953936636721,0.045258119759490914,0.1469235054156618,12.293606769413895,0.0002514869787671215,0.002011895830136972,5.4978680848064805,2,True,True,False
FMD,knn,dinov2_small,0.8884188990793339,0.02270072827867357,densenet121,0.7763513188503117,0.02126911494287175,0.11206758022902219,6.952202805577192,0.0022491212246315566,0.011245606123157783,3.109119613240814,3,True,False,False
FMD,knn,dinov2_small,0.8884188990793339,0.02270072827867357,dinov2,0.8849197230195603,0.024796237323801883,0.0034991760597735677,0.37263816904913866,0.7283222756021913,0.7897960892436403,0.1666488553930498,4,False,False,False
FMD,knn,dinov2_small,0.8884188990793339,0.02270072827867357,dinov2_large,0.8812050362111403,0.010351214383969685,0.007213862868193588,0.9522402045827092,0.39489804462182015,0.7897960892436403,0.4258547656459095,5,False,False,False
FMD,knn,dinov2_small,0.8884188990793339,0.02270072827867357,drlbp,0.2176007702460761,0.035491364589951675,0.6708181288332578,57.65190540270916,5.420333338280887e-07,8.130500007421331e-06,25.78271590157806,6,True,True,True
FMD,knn,dinov2_small,0.8884188990793339,0.02270072827867357,efficientnet_b0,0.7844494262989699,0.022950674067560455,0.10396947278036406,18.92548255247345,4.591164486797479e-05,0.0004591164486797479,8.463733098174377,7,True,True,True
FMD,knn,dinov2_small,0.8884188990793339,0.02270072827867357,gabor,0.2415542428198961,0.036769322019087114,0.6468646562594378,44.11663714358862,1.5785396866267379e-06,1.921844264444378e-05,19.7295599177495,8,True,True,True
FMD,knn,dinov2_small,0.8884188990793339,0.02270072827867357,glcm,0.1684309998247279,0.020864903157901585,0.719987899254606,45.15507396665359,1.4384884490854726e-06,1.921844264444378e-05,20.193962983127307,9,True,True,True
FMD,knn,dinov2_small,0.8884188990793339,0.02270072827867357,hog,0.12093378882344821,0.01829972916103356,0.7674851102558857,160.42466332838157,9.056371160297451e-09,1.4490193856475921e-07,71.74409048724917,10,True,True,True
FMD,knn,dinov2_small,0.8884188990793339,0.02270072827867357,lbp,0.24599829465600487,0.013052205211522208,0.642420604423329,45.68712382246651,1.3727459031745559e-06,1.921844264444378e-05,20.431902912047207,11,True,True,True
FMD,knn,dinov2_small,0.8884188990793339,0.02270072827867357,resnet101,0.7971367208023474,0.025167610304520083,0.09128217827698648,10.745778815466272,0.00042514103134702207,0.0029759872194291544,4.805658380258951,12,True,True,False
FMD,knn,dinov2_small,0.8884188990793339,0.02270072827867357,resnet50,0.7824302830845156,0.021112239424601234,0.10598861599481835,15.634233910977553,9.774433556234633e-05,0.000879699020061117,6.991841959754403,13,True,True,True
FMD,knn,dinov2_small,0.8884188990793339,0.02270072827867357,swin_t,0.815978558498605,0.017481192455779018,0.0724403405807289,9.150114239019755,0.0007918296225543277,0.004750977735325967,4.092055487836232,14,True,True,False
FMD,knn,dinov2_small,0.8884188990793339,0.02270072827867357,vgg16,0.7372335576757051,0.02226660463002098,0.15118534140362883,23.925149933190838,1.8100533705094197e-05,0.00019910587075603616,10.69965232374062,15,True,True,True
FMD,knn,dinov2_small,0.8884188990793339,0.02270072827867357,vit_b16,0.8270585603383116,0.01880153044886512,0.06136033874102231,4.338970762459745,0.012262858259407986,0.049051433037631945,1.9404467153874523,16,True,False,False
FMD,resmlp,dinov2,0.9479806254222171,0.016799823487945502,vit_b16,0.863794094135433,0.01345044525362316,0.0841865312867841,10.469532730786351,0.00047041259427218563,0.00423371334844967,4.6821173754790575,1,True,True,False
FMD,resmlp,dinov2,0.9479806254222171,0.016799823487945502,swin_t,0.8585632543014681,0.00890771585080671,0.08941737112074899,11.135599016721525,0.0003700850187899108,0.003700850187899108,4.979991274036475,2,True,True,False
FMD,resmlp,dinov2,0.9479806254222171,0.016799823487945502,deit_s,0.7657091354035055,0.03199271298441761,0.18227149001871157,10.35881443854812,0.0004902297036591175,0.00423371334844967,4.632602650062241,3,True,True,False
FMD,resmlp,dinov2,0.9479806254222171,0.016799823487945502,dinov2_small,0.9329802855200056,0.02225448726089904,0.015000339902211501,1.362880941827745,0.24460001939481293,0.48920003878962587,0.6094988862083895,4,False,False,False
FMD,resmlp,dinov2,0.9479806254222171,0.016799823487945502,dinov2_large,0.9438806832526867,0.0064176195581131575,0.004099942169530357,0.4456145234259665,0.6789308683584748,0.6789308683584748,0.19928487321864014,5,False,False,False
FMD,resmlp,dinov2,0.9479806254222171,0.016799823487945502,vgg16,0.7868068822995641,0.02438118429181189,0.16117374312265298,10.305187499264822,0.0005002008714747415,0.00423371334844967,4.608619953715662,6,True,True,False
FMD,resmlp,dinov2,0.9479806254222171,0.016799823487945502,resnet50,0.8326181680800291,0.012751619013041135,0.11536245734218797,11.650412889973099,0.0003102776923265935,0.0034130546155925283,5.210223037348611,7,True,True,False
FMD,resmlp,dinov2,0.9479806254222171,0.016799823487945502,resnet101,0.8488065098247205,0.011247721174364102,0.09917411559749656,9.411862984697182,0.0007103155858317057,0.00423371334844967,4.209113085560751,8,True,True,False
FMD,resmlp,dinov2,0.9479806254222171,0.016799823487945502,densenet121,0.8043153581368973,0.027455724763422115,0.1436652672853198,9.496024280046145,0.0006863403770155598,0.00423371334844967,4.2467511611088025,9,True,True,False
FMD,resmlp,dinov2,0.9479806254222171,0.016799823487945502,efficientnet_b0,0.8190339569990732,0.025927870750405344,0.12894666842314384,7.506954045044419,0.0016849611328169504,0.0067398445312678015,3.357211909649861,10,True,True,False
FMD,resmlp,dinov2,0.9479806254222171,0.016799823487945502,convnext_v2_t,0.8945213445094629,0.02430603192269905,0.0534592809127542,3.6897228751766264,0.021023837951192746,0.06307151385357823,1.650094233355249,11,False,False,False
FMD,resmlp,dinov2,0.9479806254222171,0.016799823487945502,lbp,0.31567237862753883,0.03832834233475088,0.6323082467946782,27.96325832453978,9.729858083347764e-06,0.00012648815508352093,12.505549296964235,12,True,True,True
FMD,resmlp,dinov2,0.9479806254222171,0.016799823487945502,glcm,0.11860411661338628,0.03382310005710341,0.8293765088088307,41.62137490649586,1.991664051527595e-06,2.788329672138633e-05,18.613644721167994,13,True,True,True
FMD,resmlp,dinov2,0.9479806254222171,0.016799823487945502,gabor,0.23510854543247134,0.0184826814345705,0.7128720799897457,62.42803998485885,3.9435732350040353e-07,6.3097171760064565e-06,27.918668220550465,14,True,True,True
FMD,resmlp,dinov2,0.9479806254222171,0.016799823487945502,hog,0.21089678313222965,0.024593377832501373,0.7370838422899875,58.27825629558242,5.191263376510969e-07,7.786895064766455e-06,26.06282853649391,15,True,True,True
FMD,resmlp,dinov2,0.9479806254222171,0.016799823487945502,drlbp,0.23361400302726976,0.06225114383169125,0.7143666223949473,20.952650186169507,3.066401498702976e-05,0.00036796817984435716,9.370310024886818,16,True,True,True
FMD,rf,dinov2_large,0.8918978099979086,0.010007002788860374,convnext_v2_t,0.8175723379299471,0.027511594306093703,0.07432547206796147,6.054599233072416,0.0037556528934217775,0.013276965162993643,2.7076990922349613,1,True,False,False
FMD,rf,dinov2_large,0.8918978099979086,0.010007002788860374,deit_s,0.6867324641454241,0.022543311954166315,0.20516534585248447,23.280808858254872,2.017603744669016e-05,0.0002017603744669016,10.411494235119081,2,True,True,True
FMD,rf,dinov2_large,0.8918978099979086,0.010007002788860374,densenet121,0.7895135615784931,0.02006214214372523,0.10238424841941551,10.659026798042069,0.00043875073180660177,0.0030712551226462124,4.76686169866086,3,True,True,False
FMD,rf,dinov2_large,0.8918978099979086,0.010007002788860374,dinov2,0.874989889831776,0.01833701058926046,0.01690792016613263,2.8268008651911334,0.047498974065701895,0.047498974065701895,1.2641837785899972,4,True,False,False
FMD,rf,dinov2_large,0.8918978099979086,0.010007002788860374,dinov2_small,0.8758166986360099,0.014593063106278174,0.016081111361898714,5.0340433022514715,0.007312646421644658,0.014625292843289317,2.2512926047871895,5,True,False,False
FMD,rf,dinov2_large,0.8918978099979086,0.010007002788860374,drlbp,0.2600379366718303,0.02301575486085689,0.6318598733260783,105.69611599272888,4.804586494722257e-08,7.687338391555611e-07,47.26874005995277,6,True,True,True
FMD,rf,dinov2_large,0.8918978099979086,0.010007002788860374,efficientnet_b0,0.7471778546541168,0.036565413083400056,0.14471995534379178,9.545541316097738,0.0006727029774707616,0.0040362178648245695,4.268895852839548,7,True,True,False
FMD,rf,dinov2_large,0.8918978099979086,0.010007002788860374,gabor,0.2996673814176522,0.05535357520782236,0.5922304285802564,25.824160692253713,1.3357257837305562e-05,0.0001469298362103612,11.548915753726254,8,True,True,True
FMD,rf,dinov2_large,0.8918978099979086,0.010007002788860374,glcm,0.2040922382610046,0.029545114251958573,0.687805571736904,48.15716419276086,1.1123980300484255e-06,1.5573572420677957e-05,21.536538547052064,9,True,True,True
FMD,rf,dinov2_large,0.8918978099979086,0.010007002788860374,hog,0.21032661539501873,0.03491013270486291,0.6815711946028898,37.738930427920586,2.944169037485712e-06,3.8274197487314255e-05,16.877362766575207,10,True,True,True
FMD,rf,dinov2_large,0.8918978099979086,0.010007002788860374,lbp,0.31015888411303244,0.01258070235192065,0.5817389258848762,70.70165477914391,2.3980263491261637e-07,3.5970395236892455e-06,31.618741239859183,11,True,True,True
FMD,rf,dinov2_large,0.8918978099979086,0.010007002788860374,resnet101,0.7883335685804505,0.03123689562512947,0.10356424141745812,6.2612554748978475,0.0033192412907484107,0.013276965162993643,2.800118573197155,12,True,False,False
FMD,rf,dinov2_large,0.8918978099979086,0.010007002788860374,resnet50,0.7705433966233685,0.01727045001232577,0.12135441337454012,28.490169090018227,9.032595040910672e-06,0.00010839114049092805,12.741190953811097,13,True,True,True
FMD,rf,dinov2_large,0.8918978099979086,0.010007002788860374,swin_t,0.7701709852357859,0.024239488182757916,0.12172682476212271,9.121238159999265,0.0008015173850860664,0.0040362178648245695,4.079141712807997,14,True,True,False
FMD,rf,dinov2_large,0.8918978099979086,0.010007002788860374,vgg16,0.7668215356342476,0.027167926388161946,0.12507627436366098,12.412693789386005,0.00024217286065056234,0.002179555745855061,5.5511254191449435,15,True,True,False
FMD,rf,dinov2_large,0.8918978099979086,0.010007002788860374,vit_b16,0.8016547994901007,0.0173370762901096,0.09024301050780792,12.019213032916678,0.00027470484146454633,0.0021976387317163707,5.375155475210461,16,True,True,False
FMD,svm,dinov2,0.9570619215520251,0.0181306767592414,convnext_v2_t,0.8990033473592405,0.019385769267721214,0.058058574192784596,4.588327949987836,0.010119588785571359,0.030358766356714077,2.051962639774489,1,True,False,False
FMD,svm,dinov2,0.9570619215520251,0.0181306767592414,deit_s,0.7853219414992798,0.019696966997075065,0.17173998005274527,11.774714692292193,0.0002976802826967862,0.002976802826967862,5.265812493364715,2,True,True,False
FMD,svm,dinov2,0.9570619215520251,0.0181306767592414,densenet121,0.8300809546386549,0.019893681433372314,0.12698096691337013,7.745675662429676,0.0014966942313994057,0.008980165388396435,3.4639714624771987,3,True,True,False
FMD,svm,dinov2,0.9570619215520251,0.0181306767592414,dinov2_large,0.9499907276217691,0.00938281419309891,0.0070711939302560145,0.722057162142142,0.5102148464912912,0.5102148464912912,0.3229137796233372,4,False,False,False
FMD,svm,dinov2,0.9570619215520251,0.0181306767592414,dinov2_small,0.939118260626336,0.02056525716560733,0.01794366092568911,1.9497641223262272,0.12299047728331794,0.24598095456663588,0.8719610234799595,5,False,False,False
FMD,svm,dinov2,0.9570619215520251,0.0181306767592414,drlbp,0.1697738280969136,0.014477633337925396,0.7872880934551114,54.998918485533906,6.543017742030929e-07,7.851621290437115e-06,24.59626408375629,6,True,True,True
FMD,svm,dinov2,0.9570619215520251,0.0181306767592414,efficientnet_b0,0.8300939288111444,0.03366696331201542,0.12696799274088066,6.01585701144987,0.0038451514348364973,0.01620899784246858,2.6903730440471207,7,True,False,False
FMD,svm,dinov2,0.9570619215520251,0.0181306767592414,gabor,0.16615325848415582,0.019357973535848297,0.7909086630678692,60.68102383438576,4.417268132602024e-07,5.742448572382631e-06,27.137378846663175,8,True,True,True
FMD,svm,dinov2,0.9570619215520251,0.0181306767592414,glcm,0.1221049198868234,0.021086296067166284,0.8349570016652017,64.59708636843669,3.440376697765491e-07,4.816527376871687e-06,28.888695252650372,9,True,True,True
FMD,svm,dinov2,0.9570619215520251,0.0181306767592414,hog,0.20973384273592138,0.02875848922562337,0.7473280788161036,81.01345363787436,1.391494999247579e-07,2.0872424988713685e-06,36.23031788350651,10,True,True,True
FMD,svm,dinov2,0.9570619215520251,0.0181306767592414,lbp,0.198025039196208,0.012007070800383443,0.7590368823558171,83.6350269711539,1.2251369500414145e-07,1.960219120066263e-06,37.40272111966262,11,True,True,True
FMD,svm,dinov2,0.9570619215520251,0.0181306767592414,resnet101,0.8556889607160171,0.018343208463032605,0.101372960836008,6.3014207143884144,0.003241799568493716,0.01620899784246858,2.818081014361216,12,True,False,False
FMD,svm,dinov2,0.9570619215520251,0.0181306767592414,resnet50,0.836400305898066,0.024604109643009738,0.12066161565395905,8.737560284719562,0.0009453384392230286,0.007562707513784229,3.907555750700528,13,True,True,False
FMD,svm,dinov2,0.9570619215520251,0.0181306767592414,swin_t,0.8748881218100729,0.01765928112595735,0.08217379974195216,20.020119443270907,3.6736283110084437e-05,0.0004040991142109288,8.95326959758829,14,True,True,True
FMD,svm,dinov2,0.9570619215520251,0.0181306767592414,vgg16,0.798925707663509,0.02922932012291979,0.15813621388851606,8.577628199828467,0.0010146615154581738,0.007562707513784229,3.8360319480140666,15,True,True,False
FMD,svm,dinov2,0.9570619215520251,0.0181306767592414,vit_b16,0.8666896964695276,0.009726658040021265,0.09037222508249743,10.295084663613332,0.000502107463121823,0.004518967168096407,4.604101828156433,16,True,True,False
CUReT,knn,densenet121,0.9708616521815534,0.003516464675475775,vit_b16,0.9407681864778213,0.008010054168420506,0.03009346570373206,11.888908203681948,0.00028666346601540226,0.002293307728123218,5.31688138339817,1,True,True,False
CUReT,knn,densenet121,0.9708616521815534,0.003516464675475775,swin_t,0.9605601005096677,0.0035929181299280384,0.010301551671885734,15.515323052971778,0.00010073382006908858,0.0010073382006908858,6.938663403189321,2,True,True,False
CUReT,knn,densenet121,0.9708616521815534,0.003516464675475775,deit_s,0.9121860148962607,0.007335601080281232,0.05867563728529268,30.260570783430513,7.103748137400793e-06,7.814122951140872e-05,13.532938658817704,3,True,True,True
CUReT,knn,densenet121,0.9708616521815534,0.003516464675475775,dinov2_small,0.9611048741129471,0.0033610692288609336,0.009756778068606309,7.396814059911336,0.0017816570186735628,0.012471599130714939,3.307955809856055,4,True,False,False
CUReT,knn,densenet121,0.9708616521815534,0.003516464675475775,dinov2,0.9646650610072302,0.0047169145061725475,0.006196591174323252,4.027479874515256,0.015766421455824516,0.06835429174663005,1.801143754962154,5,False,False,False
CUReT,knn,densenet121,0.9708616521815534,0.003516464675475775,dinov2_large,0.9701775500764516,0.0027855782794216828,0.0006841021051018359,0.37815043688800914,0.7245308833748053,0.7245308833748053,0.16911401647876048,6,False,False,False
CUReT,knn,densenet121,0.9708616521815534,0.003516464675475775,vgg16,0.9439069825112696,0.004321743578326812,0.026954669670283815,13.623590482973448,0.00016809094282209543,0.0015128184853988589,6.092654882132421,7,True,True,False
CUReT,knn,densenet121,0.9708616521815534,0.003516464675475775,resnet50,0.9610233267375132,0.007895440564239948,0.009838325444040175,2.907953427001025,0.04376774621629756,0.08753549243259512,1.3004763074636498,8,False,False,False
CUReT,knn,densenet121,0.9708616521815534,0.003516464675475775,resnet101,0.9639963414576214,0.0037477579386132214,0.006865310723932039,4.202267326856681,0.013670858349326008,0.06835429174663005,1.8793110799811308,9,False,False,False
CUReT,knn,densenet121,0.9708616521815534,0.003516464675475775,efficientnet_b0,0.9628467476451397,0.004976200551518368,0.008014904536413736,5.086905272146516,0.007046659431140943,0.042279956586845656,2.2749331960786234,10,True,False,False
CUReT,knn,densenet121,0.9708616521815534,0.003516464675475775,convnext_v2_t,0.9585102961216083,0.0053927076961434355,0.012351356059945084,3.5330480181169235,0.02416413140429267,0.07249239421287801,1.5800271070539476,11,False,False,False
CUReT,knn,densenet121,0.9708616521815534,0.003516464675475775,lbp,0.6774519910720878,0.01562516399797547,0.29340966110946565,39.36572555272362,2.4877811519848224e-06,2.985337382381787e-05,17.60488766284179,12,True,True,True
CUReT,knn,densenet121,0.9708616521815534,0.003516464675475775,glcm,0.4319085675883483,0.010679520058559775,0.5389530845932051,103.10935406027204,5.305016070470769e-08,8.48802571275323e-07,46.111904955027185,13,True,True,True
CUReT,knn,densenet121,0.9708616521815534,0.003516464675475775,gabor,0.4695436463787024,0.014765327518811747,0.501318005802851,79.06560516786958,1.5336909288356682e-07,2.300536393253502e-06,35.359213565009036,14,True,True,True
CUReT,knn,densenet121,0.9708616521815534,0.003516464675475775,hog,0.6730567754130432,0.014330452545968613,0.2978048767685102,51.956676376780635,8.213230884538264e-07,1.0677200149899743e-05,23.235732050874862,15,True,True,True
CUReT,knn,densenet121,0.9708616521815534,0.003516464675475775,drlbp,0.4930563428907946,0.015085918468610739,0.4778053092907588,72.56718470297501,2.1609292198589892e-07,3.025300907802585e-06,32.45303158412276,16,True,True,True
CUReT,resmlp,dinov2_large,0.9988473166738702,0.0011029083851718964,convnext_v2_t,0.9957256904448555,0.0013546791290374245,0.0031216262290146846,18.853211486791402,4.661309172608879e-05,0.0006059701924391543,8.431412472956115,1,True,True,True
CUReT,resmlp,dinov2_large,0.9988473166738702,0.0011029083851718964,deit_s,0.9753454368042853,0.004448053915010427,0.023501879869584852,13.11174382521133,0.0001953679015331833,0.0023444148183982,5.863750097884117,2,True,True,False
CUReT,resmlp,dinov2_large,0.9988473166738702,0.0011029083851718964,densenet121,0.9957289696421412,0.002743193637738539,0.003118347031728974,1.9654538511168615,0.12079706846544615,0.26766219451922,0.8789776832994507,3,False,False,False
CUReT,resmlp,dinov2_large,0.9988473166738702,0.0011029083851718964,dinov2,0.998359013826511,0.0015352496296088165,0.0004883028473591233,0.4754006878569821,0.6592983848878323,0.6592983848878323,0.21260565082710625,4,False,False,False
CUReT,resmlp,dinov2_large,0.9988473166738702,0.0011029083851718964,dinov2_small,0.9977034665216236,0.0010695071852677722,0.001143850152246606,2.7434695379238407,0.051720540446259185,0.20688216178503674,1.226916874883513,5,False,False,False
CUReT,resmlp,dinov2_large,0.9988473166738702,0.0011029083851718964,drlbp,0.5987589972597608,0.0422973086035044,0.4000883194141094,21.1485263714724,2.9551870819102827e-05,0.0004432780622865424,9.457908517888269,6,True,True,True
CUReT,resmlp,dinov2_large,0.9988473166738702,0.0011029083851718964,efficientnet_b0,0.996905982815154,0.0006963094674987043,0.0019413338587161988,5.834440587842343,0.004300813803421472,0.030105696623950306,2.6092411495129233,7,True,False,False
CUReT,resmlp,dinov2_large,0.9988473166738702,0.0011029083851718964,gabor,0.8224150599348526,0.01878047237253404,0.17643225673901752,20.507768950181173,3.339062310084e-05,0.00046746872341176,9.171353087416174,8,True,True,True
CUReT,resmlp,dinov2_large,0.9988473166738702,0.0011029083851718964,glcm,0.47736745825712196,0.009819277548228431,0.5214798584167482,123.86682788955535,2.5476660845395816e-08,4.0762657352633305e-07,55.394929457778105,9,True,True,True
CUReT,resmlp,dinov2_large,0.9988473166738702,0.0011029083851718964,hog,0.9173469447048503,0.022758265000183898,0.08150037196901982,7.726918485843043,0.00151051315624856,0.013392603000486345,3.455582998042443,10,True,False,False
CUReT,resmlp,dinov2_large,0.9988473166738702,0.0011029083851718964,lbp,0.7965298805534082,0.057261522501902376,0.20231743612046194,7.908245346410104,0.0013832413706367313,0.013392603000486345,3.536674835402049,11,True,False,False
CUReT,resmlp,dinov2_large,0.9988473166738702,0.0011029083851718964,resnet101,0.9972110627505311,0.0014903527650426303,0.0016362539233391038,2.2339305042383986,0.08922073150640668,0.26766219451922,0.9990440922875039,12,False,False,False
CUReT,resmlp,dinov2_large,0.9988473166738702,0.0011029083851718964,resnet50,0.9962304440090168,0.0009384846853376958,0.0026168726648533314,3.709983434820883,0.020654334017703682,0.12392600410622209,1.65915503007959,13,False,False,False
CUReT,resmlp,dinov2_large,0.9988473166738702,0.0011029083851718964,swin_t,0.9955326975427967,0.0027848592593557393,0.0033146191310734485,3.086041807688406,0.0367152552492215,0.1835762762461075,1.3801198521048765,14,False,False,False
CUReT,resmlp,dinov2_large,0.9988473166738702,0.0011029083851718964,vgg16,0.9854041679745865,0.0030183387948027342,0.013443148699283647,7.975764832658662,0.0013392603000486345,0.013392603000486345,3.5668704667290028,15,True,False,False
CUReT,resmlp,dinov2_large,0.9988473166738702,0.0011029083851718964,vit_b16,0.9871917568041223,0.00307085612010673,0.011655559869747867,8.829461439163294,0.0009081538228312193,0.009989692051143412,3.9486551951987297,16,True,True,False
CUReT,rf,densenet121,0.9812410149441554,0.003575476417680849,vit_b16,0.9138709848492951,0.010860318358597784,0.06737003009486031,15.210772696963536,0.00010892681757815178,0.000980341358203366,6.8024643474548,1,True,True,True
CUReT,rf,densenet121,0.9812410149441554,0.003575476417680849,swin_t,0.9525498256261471,0.0049946226278262534,0.028691189318008292,9.332763552590427,0.0007338030968829442,0.005870424775063553,4.1737387436977675,2,True,True,False
CUReT,rf,densenet121,0.9812410149441554,0.003575476417680849,deit_s,0.879779771363102,0.013745351344952195,0.10146124358105335,16.174181360750694,8.548203039403854e-05,0.0009403023343344239,7.233313800094048,3,True,True,True
CUReT,rf,densenet121,0.9812410149441554,0.003575476417680849,dinov2_small,0.9679656698207857,0.0064519868652105905,0.013275345123369697,4.287446032854173,0.012771984544592007,0.04332784551313276,1.917404155587808,4,True,False,False
CUReT,rf,densenet121,0.9812410149441554,0.003575476417680849,dinov2,0.9730960957438182,0.006356310944723873,0.00814491920033722,2.108323534704521,0.10268439615923443,0.20536879231846886,0.9428709483232407,5,False,False,False
CUReT,rf,densenet121,0.9812410149441554,0.003575476417680849,dinov2_large,0.9756929697697704,0.005161722382714072,0.005548045174385008,1.5961538627472849,0.18568859587561415,0.20536879231846886,0.713821707838518,6,False,False,False
CUReT,rf,densenet121,0.9812410149441554,0.003575476417680849,vgg16,0.9481249859830966,0.0029252932914826633,0.03311602896105881,16.146106522568264,8.607060290868798e-05,0.0009403023343344239,7.220758349708628,7,True,True,True
CUReT,rf,densenet121,0.9812410149441554,0.003575476417680849,resnet50,0.9655786028417342,0.003393749716874682,0.01566241210242114,7.375202685495844,0.0018014277400965884,0.01260999418067612,3.298290909826966,8,True,False,False
CUReT,rf,densenet121,0.9812410149441554,0.003575476417680849,resnet101,0.9597432063998482,0.009559602078216704,0.021497808544307162,4.4988650641843915,0.01083196137828319,0.04332784551313276,2.011953620834755,9,True,False,False
CUReT,rf,densenet121,0.9812410149441554,0.003575476417680849,efficientnet_b0,0.9656170272660493,0.006219972720145822,0.015623987678106133,6.862293805276448,0.0023613627629201915,0.01416817657752115,3.068911085431964,10,True,False,False
CUReT,rf,densenet121,0.9812410149441554,0.003575476417680849,convnext_v2_t,0.9554198956260793,0.007113922037909267,0.02582111931807607,6.42316605949584,0.003020264015034643,0.015101320075173216,2.872527187640871,11,True,False,False
CUReT,rf,densenet121,0.9812410149441554,0.003575476417680849,lbp,0.7809431334492919,0.007521191307422427,0.2002978814948635,48.2233543615934,1.1063119040260995e-06,1.7700990464417592e-05,21.566139688794728,12,True,True,True
CUReT,rf,densenet121,0.9812410149441554,0.003575476417680849,glcm,0.5701073628462232,0.01708818473631734,0.4111336520979322,45.41152356568283,1.4063204186711914e-06,2.109480628006787e-05,20.308650729936904,13,True,True,True
CUReT,rf,densenet121,0.9812410149441554,0.003575476417680849,gabor,0.7179351515330707,0.010759759260608053,0.26330586341108464,43.66653130469061,1.6445215270367184e-06,2.3023301378514057e-05,19.52826646633383,14,True,True,True
CUReT,rf,densenet121,0.9812410149441554,0.003575476417680849,hog,0.7908997912996573,0.014249669118599565,0.19034122364449813,27.580774157911268,1.0278480099563077e-05,0.00012334176119475692,12.334497177032521,15,True,True,True
CUReT,rf,densenet121,0.9812410149441554,0.003575476417680849,drlbp,0.5448292933845826,0.020550531355617407,0.43641172155957275,42.34374089273895,1.8594362591485976e-06,2.417267136893177e-05,18.936696610738686,16,True,True,True
CUReT,svm,dinov2_large,0.9937884824023783,0.0016899785419444405,vit_b16,0.9769534379886957,0.005737746505449891,0.016835044413682554,8.239345363884533,0.0011832899837564696,0.009466319870051757,3.684747263942217,1,True,True,False
CUReT,svm,dinov2_large,0.9937884824023783,0.0016899785419444405,swin_t,0.9879289281923118,0.003871074646058841,0.005859554210066453,3.9427977453819216,0.016919978825096743,0.08698116087077007,1.7632727555107681,2,False,False,False
CUReT,svm,dinov2_large,0.9937884824023783,0.0016899785419444405,deit_s,0.9597070252570171,0.005315677939128696,0.03408145714536115,19.677886286514475,3.93366231670811e-05,0.0004327028548378921,8.80021827575914,3,True,True,True
CUReT,svm,dinov2_large,0.9937884824023783,0.0016899785419444405,dinov2_small,0.9916724064373303,0.003657867950043298,0.0021160759650479255,1.8139430248354573,0.14388624444906561,0.14388624444906561,0.8112199818577447,4,False,False,False
CUReT,svm,dinov2_large,0.9937884824023783,0.0016899785419444405,dinov2,0.9923141764467951,0.0023171563729121984,0.0014743059555831772,3.5321340223851334,0.02418402966710542,0.08698116087077007,1.579618354246131,5,False,False,False
CUReT,svm,dinov2_large,0.9937884824023783,0.0016899785419444405,vgg16,0.9624932353549637,0.005153565638299704,0.0312952470474146,15.745059353663832,9.505707083617236e-05,0.0009505707083617236,7.041404603327935,6,True,True,True
CUReT,svm,dinov2_large,0.9937884824023783,0.0016899785419444405,resnet50,0.9818081351364321,0.00614104860015765,0.011980347265946212,4.353894574181194,0.012119998250360147,0.08483998775252104,1.9471208466308716,7,False,False,False
CUReT,svm,dinov2_large,0.9937884824023783,0.0016899785419444405,resnet101,0.9826679498463937,0.006544609063976874,0.011120532555984552,4.129749295026629,0.014496860145128345,0.08698116087077007,1.8468800304355484,8,False,False,False
CUReT,svm,dinov2_large,0.9937884824023783,0.0016899785419444405,densenet121,0.9814287160364691,0.0025106034913030557,0.012359766365909186,15.33903115526235,0.00010537879585204516,0.0009505707083617236,6.859823270623463,9,True,True,True
CUReT,svm,dinov2_large,0.9937884824023783,0.0016899785419444405,efficientnet_b0,0.9870248893074101,0.0033077332460682654,0.006763593094968212,3.8382292439162877,0.018487499807611777,0.08698116087077007,1.7165083000892616,10,False,False,False
CUReT,svm,dinov2_large,0.9937884824023783,0.0016899785419444405,convnext_v2_t,0.9885530014442219,0.0031684121642346517,0.005235480958156402,3.040064689003202,0.038399799122565324,0.08698116087077007,1.359558259768531,11,False,False,False
CUReT,svm,dinov2_large,0.9937884824023783,0.0016899785419444405,lbp,0.15186419354228192,0.010315575932335907,0.8419242888600964,178.19469394893966,5.949507316285438e-09,7.73435951117107e-08,79.69108977237686,12,True,True,True
CUReT,svm,dinov2_large,0.9937884824023783,0.0016899785419444405,glcm,0.07990565982067718,0.005171566796068278,0.9138828225817011,326.9948767579197,5.247595848999669e-10,7.871393773499503e-09,146.2365545215746,13,True,True,True
CUReT,svm,dinov2_large,0.9937884824023783,0.0016899785419444405,gabor,0.08975012313442195,0.008033848479373497,0.9040383592679563,268.32459365561766,1.1573617271041617e-09,1.6203064179458263e-08,119.99840627386587,14,True,True,True
CUReT,svm,dinov2_large,0.9937884824023783,0.0016899785419444405,hog,0.6064610594902614,0.010160125558496184,0.38732742291211686,91.2276774297772,8.655595831209415e-08,1.0386714997451298e-06,40.798257628183634,15,True,True,True
CUReT,svm,dinov2_large,0.9937884824023783,0.0016899785419444405,drlbp,0.12251366245330539,0.0037654791020263266,0.8712748199490729,490.13730410898944,1.0396045406409594e-10,1.663367265025535e-09,219.1960660040919,16,True,True,True
Soil,knn,efficientnet_b0,0.7956561837103145,0.03959394958940923,vit_b16,0.7664345548894372,0.02809353025589452,0.02922162882087731,2.020315813965084,0.11345691439212144,0.6819799037681408,0.9035126991808133,1,False,False,False
Soil,knn,efficientnet_b0,0.7956561837103145,0.03959394958940923,swin_t,0.7696995520634589,0.02416231697239783,0.025956631646855688,1.9174132578187844,0.12765113380617218,0.6819799037681408,0.8574932770600987,2,False,False,False
Soil,knn,efficientnet_b0,0.7956561837103145,0.03959394958940923,deit_s,0.7311326698808671,0.03457544950219324,0.06452351382944743,2.7881881277094753,0.04940336897611971,0.44463032078507736,1.2469156374991537,3,False,False,False
Soil,knn,efficientnet_b0,0.7956561837103145,0.03959394958940923,dinov2_small,0.7321737822381013,0.04540933222038289,0.06348240147221329,3.140702599490252,0.03482416670097111,0.3482416670097111,1.4045649018830235,4,False,False,False
Soil,knn,efficientnet_b0,0.7956561837103145,0.03959394958940923,dinov2,0.7548064217869853,0.016397445808705842,0.04084976192332923,2.275086695793299,0.0852474879710176,0.6819799037681408,1.0174497012744983,5,False,False,False
Soil,knn,efficientnet_b0,0.7956561837103145,0.03959394958940923,dinov2_large,0.7550011154678965,0.017949058644783113,0.040655068242418047,2.217299458530722,0.09088480867633,0.6819799037681408,0.9916064631254482,6,False,False,False
Soil,knn,efficientnet_b0,0.7956561837103145,0.03959394958940923,vgg16,0.7519831438545872,0.025498768035553936,0.04367303985572735,4.858271558011439,0.008289647522712513,0.09118612274983764,2.1726850912653894,7,False,False,False
Soil,knn,efficientnet_b0,0.7956561837103145,0.03959394958940923,resnet50,0.7785022716968297,0.03916045933768744,0.017153912013484818,0.8322664661971193,0.45206130274875855,1.0,0.37220087875398206,8,False,False,False
Soil,knn,efficientnet_b0,0.7956561837103145,0.03959394958940923,resnet101,0.785574585849944,0.027599436337431168,0.01008159786037055,0.6561112296793685,0.5475771434329648,1.0,0.2934218620642692,9,False,False,False
Soil,knn,efficientnet_b0,0.7956561837103145,0.03959394958940923,densenet121,0.7901264563815676,0.035886127747911487,0.005529727328746903,0.32531588656979205,0.7612471865985069,1.0,0.1454856873023055,10,False,False,False
Soil,knn,efficientnet_b0,0.7956561837103145,0.03959394958940923,convnext_v2_t,0.7804175641108231,0.009835348269745357,0.015238619599491465,0.7351521914380056,0.5030226035544754,1.0,0.32877005476557075,11,False,False,False
Soil,knn,efficientnet_b0,0.7956561837103145,0.03959394958940923,lbp,0.41107726965039637,0.03132028387022544,0.3845789140599182,24.867202901259905,1.552300744927975e-05,0.00021732210428991648,11.120951219177842,12,True,True,True
Soil,knn,efficientnet_b0,0.7956561837103145,0.03959394958940923,glcm,0.30355737899839036,0.02375165579101144,0.4920988047119242,26.423758661958914,1.2190948668068768e-05,0.00018286423002103152,11.817064117554034,13,True,True,True
Soil,knn,efficientnet_b0,0.7956561837103145,0.03959394958940923,gabor,0.4007494961919704,0.02853430919819962,0.3949066875183441,17.02659144492374,6.977804036531384e-05,0.0008373364843837661,7.614523179046348,14,True,True,True
Soil,knn,efficientnet_b0,0.7956561837103145,0.03959394958940923,hog,0.2504022953698461,0.0256891989079584,0.5452538883404685,19.08550418034448,4.440477938713169e-05,0.000577262132032712,8.53529694628772,15,True,True,True
Soil,knn,efficientnet_b0,0.7956561837103145,0.03959394958940923,drlbp,0.3472839840953777,0.023703087509053276,0.44837219961493685,39.523272191282594,2.4484343869750723e-06,3.917495019160116e-05,17.675344661890207,16,True,True,True
Soil,resmlp,vit_b16,0.8579160375065064,0.04165760241928163,convnext_v2_t,0.8457720963590256,0.040653052558443876,0.012143941147480741,0.7345657231876371,0.5033430916366398,1.0,0.32850777818888355,1,False,False,False
Soil,resmlp,vit_b16,0.8579160375065064,0.04165760241928163,deit_s,0.8057060291499758,0.031079986429875917,0.05221000835653056,3.338270946115323,0.028882224460239365,0.317704469062633,1.4929201525225906,2,False,False,False
Soil,resmlp,vit_b16,0.8579160375065064,0.04165760241928163,densenet121,0.8559282796207942,0.020644071955478082,0.001987757885712149,0.14382815804685048,0.8925912626022168,1.0,0.06432190769218682,3,False,False,False
Soil,resmlp,vit_b16,0.8579160375065064,0.04165760241928163,dinov2,0.8221974432629754,0.03131558643445304,0.035718594243530966,1.7143265334644742,0.16161985933642553,1.0,0.7666701328751704,4,False,False,False
Soil,resmlp,vit_b16,0.8579160375065064,0.04165760241928163,dinov2_large,0.8136601268767049,0.0361972989025256,0.0442559106298015,2.7145743091713945,0.05328469062360568,0.4795622156124511,1.2139945370230525,5,False,False,False
Soil,resmlp,vit_b16,0.8579160375065064,0.04165760241928163,dinov2_small,0.8354552279565161,0.013473768674418558,0.0224608095499903,1.1049053801745123,0.3311884073495047,1.0,0.494128707744221,6,False,False,False
Soil,resmlp,vit_b16,0.8579160375065064,0.04165760241928163,drlbp,0.33347423793731956,0.02263874746859132,0.5244417995691868,21.676497240094196,2.679525686150845e-05,0.00040192885292262675,9.694024268408253,7,True,True,True
Soil,resmlp,vit_b16,0.8579160375065064,0.04165760241928163,efficientnet_b0,0.837222514903865,0.05576471157434295,0.020693522602641345,0.8784981523097674,0.4292780264108832,1.0,0.39287631732706185,8,False,False,False
Soil,resmlp,vit_b16,0.8579160375065064,0.04165760241928163,gabor,0.35772832459427534,0.032481422981082246,0.500187712912231,19.055692349916793,4.468077575761904e-05,0.0005808500848490474,8.521964690402138,9,True,True,True
Soil,resmlp,vit_b16,0.8579160375065064,0.04165760241928163,glcm,0.19595959090885617,0.07560616527217154,0.6619564465976502,22.391018652968267,2.3556073154839136e-05,0.0003768971704774262,10.013567958549084,10,True,True,True
Soil,resmlp,vit_b16,0.8579160375065064,0.04165760241928163,hog,0.3129606270157631,0.054095925672486576,0.5449554104907433,14.851947527189504,0.00011967530136892009,0.0014361036164270411,6.641992853730173,11,True,True,False
Soil,resmlp,vit_b16,0.8579160375065064,0.04165760241928163,lbp,0.4776987164859138,0.01161773638271953,0.3802173210205926,21.003401882595252,3.0370913642370112e-05,0.00042519279099318156,9.393006873413961,12,True,True,True
Soil,resmlp,vit_b16,0.8579160375065064,0.04165760241928163,resnet101,0.8478261770491289,0.04185368972381898,0.010089860457377475,0.5300495285618818,0.6241354664410574,1.0,0.2370453554556478,13,False,False,False
Soil,resmlp,vit_b16,0.8579160375065064,0.04165760241928163,resnet50,0.835461319341132,0.012649987516223858,0.022454718165374365,1.5099354394224676,0.2055727734091761,1.0,0.6752636568166239,14,False,False,False
Soil,resmlp,vit_b16,0.8579160375065064,0.04165760241928163,swin_t,0.833222656893111,0.02105550320840581,0.02469338061339532,1.2447891719377127,0.28115839900329426,1.0,0.55668664120913,15,False,False,False
Soil,resmlp,vit_b16,0.8579160375065064,0.04165760241928163,vgg16,0.7944432045745307,0.023459543616843024,0.0634728329319757,3.3009272414491506,0.029907421826428193,0.317704469062633,1.4762195400978992,16,False,False,False
Soil,rf,densenet121,0.7756315624409735,0.03935135994120277,vit_b16,0.6798338359502132,0.03312529745567176,0.09579772649076035,4.702832560667594,0.009288877236437714,0.07431101789150171,2.1031706584442555,1,False,False,False
Soil,rf,densenet121,0.7756315624409735,0.03935135994120277,swin_t,0.682685843710725,0.03497316423389047,0.09294571873024848,5.311896850430188,0.00603846692315453,0.05761965372031951,2.3755524893450715,2,False,False,False
Soil,rf,densenet121,0.7756315624409735,0.03935135994120277,deit_s,0.6267230142789221,0.036493863947468105,0.14890854816205146,6.592468500173314,0.0027422846640634975,0.030165131304698473,2.9482415411243506,3,True,False,False
Soil,rf,densenet121,0.7756315624409735,0.03935135994120277,dinov2_small,0.7052760987623589,0.035748351388340746,0.07035546367861467,4.431994138515478,0.011404384352714436,0.07983069046900106,1.9820480338644073,4,False,False,False
Soil,rf,densenet121,0.7756315624409735,0.03935135994120277,dinov2,0.7005737861414024,0.04024459783007297,0.07505777629957111,4.1479618511102245,0.014283882708952504,0.08570329625371502,1.8550249333858184,5,False,False,False
Soil,rf,densenet121,0.7756315624409735,0.03935135994120277,dinov2_large,0.711561772402183,0.035476584702973206,0.06406979003879054,3.630887069413078,0.022142487689361678,0.09819665082315776,1.6237820611253746,6,False,False,False
Soil,rf,densenet121,0.7756315624409735,0.03935135994120277,vgg16,0.7370737536748709,0.03439893359006516,0.0385578087661026,1.7363866018096745,0.15750190671076308,0.15750190671076308,0.7765356953576193,7,False,False,False
Soil,rf,densenet121,0.7756315624409735,0.03935135994120277,resnet50,0.6843306798054399,0.034026286588696344,0.0913008826355336,5.381732176522949,0.005761965372031951,0.05761965372031951,2.406783796617197,8,False,False,False
Soil,rf,densenet121,0.7756315624409735,0.03935135994120277,resnet101,0.6976775274142005,0.019502034363389778,0.077954035026773,3.767945908551931,0.01963933016463155,0.09819665082315776,1.6850766373764396,9,False,False,False
Soil,rf,densenet121,0.7756315624409735,0.03935135994120277,efficientnet_b0,0.7027355125730276,0.03834430277511042,0.07289604986794596,3.2794679691584676,0.030516007488672798,0.09819665082315776,1.466622661784796,10,False,False,False
Soil,rf,densenet121,0.7756315624409735,0.03935135994120277,convnext_v2_t,0.7309280148088334,0.028838692253357116,0.04470354763214013,2.6172019006128098,0.058972275252126505,0.11794455050425301,1.170448272091733,11,False,False,False
Soil,rf,densenet121,0.7756315624409735,0.03935135994120277,lbp,0.4741802224552874,0.016143545621798646,0.30145133998568613,14.046434763059809,0.00014905724780998563,0.0017886869737198277,6.281756594212675,12,True,True,False
Soil,rf,densenet121,0.7756315624409735,0.03935135994120277,glcm,0.4119395382097422,0.01611985596195079,0.3636920242312313,26.618662341908397,1.1839439563525642e-05,0.00018943103301641027,11.90422769293454,13,True,True,True
Soil,rf,densenet121,0.7756315624409735,0.03935135994120277,gabor,0.42302237794840625,0.019187724298829752,0.3526091844925673,25.738681529787108,1.3534688566394797e-05,0.00020302032849592197,11.510688309988693,14,True,True,True
Soil,rf,densenet121,0.7756315624409735,0.03935135994120277,hog,0.34754338395913215,0.03442000162305036,0.4280881784818414,19.63387956796096,3.9687445348251096e-05,0.0005556242348755153,8.780537875020883,15,True,True,True
Soil,rf,densenet121,0.7756315624409735,0.03935135994120277,drlbp,0.37815518156008815,0.02465261749136075,0.3974763808808854,15.724049793208813,9.555936164104264e-05,0.0012422717013335545,7.032008843716876,16,True,True,False
Soil,svm,efficientnet_b0,0.831381072005294,0.03145332563583616,vit_b16,0.8161647548003058,0.05266627697433759,0.015216317204988172,1.180003809980141,0.303381249612027,0.606762499224054,0.5277137465465666,1,False,False,False
Soil,svm,efficientnet_b0,0.831381072005294,0.03145332563583616,swin_t,0.8148159964793651,0.032261584594234574,0.016565075525928896,2.1775008266957125,0.09500957837813177,0.28576069991705916,0.9738079738534733,2,False,False,False
Soil,svm,efficientnet_b0,0.831381072005294,0.03145332563583616,deit_s,0.7691672903706805,0.054731940825179515,0.06221378163461344,4.906551972959652,0.008006229701613793,0.08006229701613793,2.194276749257306,3,False,False,False
Soil,svm,efficientnet_b0,0.831381072005294,0.03145332563583616,dinov2_small,0.7879245663147308,0.018628767390614046,0.04345650569056314,2.8641340966958575,0.04573829866124163,0.22869149330620814,1.2808797073396248,4,False,False,False
Soil,svm,efficientnet_b0,0.831381072005294,0.03145332563583616,dinov2,0.777962432152806,0.015363170114457507,0.05341863985248796,3.3921079053835603,0.027476509076327867,0.1648590544579672,1.516996772647333,5,False,False,False
Soil,svm,efficientnet_b0,0.831381072005294,0.03145332563583616,dinov2_large,0.7877412930410168,0.028995877480679135,0.043639778964277176,2.4369872353358537,0.07144017497926479,0.28576069991705916,1.0898538236748316,6,False,False,False
Soil,svm,efficientnet_b0,0.831381072005294,0.03145332563583616,vgg16,0.755323063722475,0.02055500164702534,0.07605800828281895,6.305734553987143,0.0032336149139266662,0.03556976405319333,2.820010222052357,7,True,False,False
Soil,svm,efficientnet_b0,0.831381072005294,0.03145332563583616,resnet50,0.8040104715047688,0.038164528884014226,0.0273706005005252,3.668919995376867,0.021411480221378534,0.14988036154964973,1.6407909026358172,8,False,False,False
Soil,svm,efficientnet_b0,0.831381072005294,0.03145332563583616,resnet101,0.7972527370418082,0.0402794881011975,0.034128334963485774,4.644433358400877,0.009701759334227312,0.08731583400804581,2.0770537411439913,9,False,False,False
Soil,svm,efficientnet_b0,0.831381072005294,0.03145332563583616,densenet121,0.7580811902735572,0.02020503071209283,0.07329988173173674,4.574106266484782,0.010228948313244546,0.08731583400804581,2.045602509576461,10,False,False,False
Soil,svm,efficientnet_b0,0.831381072005294,0.03145332563583616,convnext_v2_t,0.8256181568810772,0.01537056079365527,0.005762915124216783,0.4774932934597573,0.6579312306852947,0.6579312306852947,0.21354149258734195,11,False,False,False
Soil,svm,efficientnet_b0,0.831381072005294,0.03145332563583616,lbp,0.18133340217951002,0.016508213328312822,0.650047669825784,31.162409148703098,6.3190463929826325e-06,8.214760310877422e-05,13.936253039533518,12,True,True,True
Soil,svm,efficientnet_b0,0.831381072005294,0.03145332563583616,glcm,0.0802652971303214,0.018111222950229936,0.7511157748749726,49.75105103224436,9.767274140990317e-07,1.5627638625584508e-05,22.249346411372834,13,True,True,True
Soil,svm,efficientnet_b0,0.831381072005294,0.03145332563583616,gabor,0.2606279011645388,0.023526879846580098,0.5707531708407552,30.593030379784132,6.801020604332013e-06,8.214760310877422e-05,13.68161911305474,14,True,True,True
Soil,svm,efficientnet_b0,0.831381072005294,0.03145332563583616,hog,0.18949298571963616,0.012310084562632547,0.6418880862856579,39.65178659461642,2.4169127274194403e-06,3.3836778183872165e-05,17.732818050485555,15,True,True,True
Soil,svm,efficientnet_b0,0.831381072005294,0.03145332563583616,drlbp,0.19420085484105198,0.010371235105803131,0.637180217164242,45.227807509064036,1.4292724591099857e-06,2.1439086886649787e-05,20.22649041206646,16,True,True,True
VisTex,knn,dinov2,0.7343150932887775,0.061158594079647965,convnext_v2_t,0.6105004641232712,0.08888954885921298,0.12381462916550634,7.059960749358424,0.0021231313709885197,0.021910847088537987,3.157310430728646,1,True,False,False
VisTex,knn,dinov2,0.7343150932887775,0.061158594079647965,deit_s,0.6242295620002387,0.11772632491993737,0.11008553128853882,1.7642217171382828,0.15246383133260563,0.6098553253304225,0.7889839373748666,2,False,False,False
VisTex,knn,dinov2,0.7343150932887775,0.061158594079647965,densenet121,0.6207205513784461,0.13455015026405104,0.11359454191033147,2.049215487769926,0.109788057624415,0.548940288122075,0.9164370262323951,3,False,False,False
VisTex,knn,dinov2,0.7343150932887775,0.061158594079647965,dinov2_large,0.6998815557412048,0.10194945980613693,0.03443353754757272,0.9600812105519758,0.3913829118544052,0.6310411148711506,0.4293613701375474,4,False,False,False
VisTex,knn,dinov2,0.7343150932887775,0.061158594079647965,dinov2_small,0.6824022556390977,0.04337795383157173,0.0519128376496798,1.4905041530543746,0.2103470382903835,0.6310411148711506,0.6665737213865074,5,False,False,False
VisTex,knn,dinov2,0.7343150932887775,0.061158594079647965,drlbp,0.32048979591836735,0.028730916721992298,0.4138252973704102,12.064353398379344,0.00027070737591905117,0.0032484885110286143,5.39534286060102,6,True,True,False
VisTex,knn,dinov2,0.7343150932887775,0.061158594079647965,efficientnet_b0,0.6309608744082428,0.08302196525156533,0.10335421888053475,2.475718825099555,0.06852496110122444,0.41114976660734665,1.1071751172078428,7,False,False,False
VisTex,knn,dinov2,0.7343150932887775,0.061158594079647965,gabor,0.26364502164502157,0.06532878885096763,0.47067007164375596,23.481351100908107,1.9499614683330685e-05,0.00031199383493329095,10.501179452799718,8,True,True,True
VisTex,knn,dinov2,0.7343150932887775,0.061158594079647965,glcm,0.24801512840071188,0.06795283187303,0.48629996488806565,12.640188577878236,0.00022554321542766876,0.0029320618005596938,5.652864181644716,9,True,True,False
VisTex,knn,dinov2,0.7343150932887775,0.061158594079647965,hog,0.17761825860948668,0.06280956905270728,0.5566968346792909,16.403303640863648,8.08614300379692e-05,0.001212921450569538,7.335780399211516,10,True,True,False
VisTex,knn,dinov2,0.7343150932887775,0.061158594079647965,lbp,0.43040893901420213,0.04012843040506205,0.3039061542745754,14.687105345193455,0.00012505531047456595,0.0017507743466439233,6.568273188768656,11,True,True,False
VisTex,knn,dinov2,0.7343150932887775,0.061158594079647965,resnet101,0.6188195488721805,0.06620404418443102,0.11549554441659704,3.112370494786369,0.03578969229013946,0.28631753832111567,1.3918943994846207,12,False,False,False
VisTex,knn,dinov2,0.7343150932887775,0.061158594079647965,resnet50,0.598375104427736,0.07426110051778156,0.13593998886104153,3.5440514985750995,0.023926101583683853,0.21533491425315468,1.584948013296305,13,False,False,False
VisTex,knn,dinov2,0.7343150932887775,0.061158594079647965,swin_t,0.6185445178603073,0.046871621414904294,0.11577057542847025,2.9146883286584093,0.043473728390956576,0.304316098736696,1.303488247206414,14,False,False,False
VisTex,knn,dinov2,0.7343150932887775,0.061158594079647965,vgg16,0.5959948084496955,0.05278506278446005,0.138320284839082,7.180935089336472,0.0019918951898670895,0.021910847088537987,3.211411800279415,15,True,False,False
VisTex,knn,dinov2,0.7343150932887775,0.061158594079647965,vit_b16,0.6816470047171801,0.06216804189229558,0.05266808857159744,1.4142742211517743,0.2301831324421206,0.6310411148711506,0.6324826594565922,16,False,False,False
VisTex,resmlp,dinov2_large,0.8819244871437852,0.08338424070976495,vit_b16,0.7774867724867724,0.09117444732812187,0.10443771465701279,6.835550932327487,0.0023960737319138536,0.02635681105105239,3.0569513095797864,1,True,False,False
VisTex,resmlp,dinov2_large,0.8819244871437852,0.08338424070976495,swin_t,0.7952931402580525,0.08911646168266607,0.08663134688573271,3.3288057626338174,0.029138084994294176,0.2331046799543534,1.4886871938028674,2,False,False,False
VisTex,resmlp,dinov2_large,0.8819244871437852,0.08338424070976495,deit_s,0.7967496519075465,0.10555467638358702,0.0851748352362387,2.242957966350576,0.08833175337310918,0.4416587668655459,1.003081296675102,3,False,False,False
VisTex,resmlp,dinov2_large,0.8819244871437852,0.08338424070976495,dinov2_small,0.8661555741204863,0.1208750145577104,0.01576891302329897,0.6397172314157723,0.5571576725471334,0.5571576725471334,0.2860902431595358,4,False,False,False
VisTex,resmlp,dinov2_large,0.8819244871437852,0.08338424070976495,dinov2,0.8653494848231691,0.08395191668049416,0.01657500232061615,1.675039855535413,0.1692370621285357,0.5077111863856071,0.7491005963658668,5,False,False,False
VisTex,resmlp,dinov2_large,0.8819244871437852,0.08338424070976495,vgg16,0.7676967418546365,0.09411741551303761,0.1142277452891487,3.0825932410865673,0.03683855708939018,0.25786989962573126,1.378577606793555,6,False,False,False
VisTex,resmlp,dinov2_large,0.8819244871437852,0.08338424070976495,resnet50,0.777623688851759,0.08062517497466025,0.10430079829202621,5.427224832773869,0.005590149954658841,0.05590149954658841,2.4271287309949794,7,False,False,False
VisTex,resmlp,dinov2_large,0.8819244871437852,0.08338424070976495,resnet101,0.8214086141279126,0.09885486243376893,0.06051587301587269,5.35095695326516,0.0058818653078090465,0.05590149954658841,2.393020698340584,8,False,False,False
VisTex,resmlp,dinov2_large,0.8819244871437852,0.08338424070976495,densenet121,0.8093550627410275,0.12195694359237691,0.07256942440275771,2.4600591906509566,0.06968700036332497,0.41812200217994977,1.1001719157770518,9,False,False,False
VisTex,resmlp,dinov2_large,0.8819244871437852,0.08338424070976495,efficientnet_b0,0.8159230483616448,0.03291936930459162,0.06600143878214049,2.229512232257588,0.08965946749313876,0.4416587668655459,0.9970681815839907,10,False,False,False
VisTex,resmlp,dinov2_large,0.8819244871437852,0.08338424070976495,convnext_v2_t,0.8357726724217951,0.08980641764790503,0.04615181472199015,1.53369835800069,0.1998838380789438,0.5077111863856071,0.6858907570836767,11,False,False,False
VisTex,resmlp,dinov2_large,0.8819244871437852,0.08338424070976495,lbp,0.47360774229947167,0.1242443977338088,0.4083167448443136,7.855999732762616,0.001418504496084627,0.017022053953015523,3.513309886705248,12,True,False,False
VisTex,resmlp,dinov2_large,0.8819244871437852,0.08338424070976495,glcm,0.21709124079299516,0.10635168633652409,0.6648332463507901,38.524539548066734,2.7117716395603294e-06,4.338834623296527e-05,17.22869784582478,13,True,True,True
VisTex,resmlp,dinov2_large,0.8819244871437852,0.08338424070976495,gabor,0.2560108659093622,0.07350812207969434,0.6259136212344231,15.514595657965343,0.00010075245529573101,0.0015112868294359651,6.938338106849803,14,True,True,False
VisTex,resmlp,dinov2_large,0.8819244871437852,0.08338424070976495,hog,0.2531876028454976,0.08531083649157005,0.6287368842982877,13.38140123056934,0.00018036248740306343,0.0023447123362398247,5.984344557093516,15,True,True,False
VisTex,resmlp,dinov2_large,0.8819244871437852,0.08338424070976495,drlbp,0.3571077694235589,0.031186278568937704,0.5248167177202263,15.4916641527046,0.00010134215004275615,0.0015112868294359651,6.928082825917375,16,True,True,False
VisTex,rf,dinov2_small,0.7419561867632043,0.12989892154043958,convnext_v2_t,0.630467844695915,0.06222873875852123,0.1114883420672893,2.695693757545815,0.05433625463464838,0.3555717653056343,1.2055508976658196,1,False,False,False
VisTex,rf,dinov2_small,0.7419561867632043,0.12989892154043958,deit_s,0.5746944105277438,0.15306243107396728,0.16726177623546046,4.490534269359696,0.010901344879479764,0.10901344879479763,2.008227976292014,2,False,False,False
VisTex,rf,dinov2_small,0.7419561867632043,0.12989892154043958,densenet121,0.6272817481413973,0.0836793430082784,0.11467443862180704,2.7610290594856393,0.05079596647223347,0.3555717653056343,1.2347697329591443,3,False,False,False
VisTex,rf,dinov2_small,0.7419561867632043,0.12989892154043958,dinov2,0.7312694446554096,0.09862121283169908,0.010686742107794744,0.22415261143451368,0.8336223918760334,1.0,0.10024409529939353,4,False,False,False
VisTex,rf,dinov2_small,0.7419561867632043,0.12989892154043958,dinov2_large,0.7367584702496983,0.10743972084489696,0.005197716513505979,0.12794164536963096,0.9043695980750436,1.0,0.05721724323930335,5,False,False,False
VisTex,rf,dinov2_small,0.7419561867632043,0.12989892154043958,drlbp,0.4094037872458925,0.07864795273567418,0.3325523995173118,7.514667942815931,0.0016784347504352525,0.023498086506093536,3.3606616696610234,6,True,False,False
VisTex,rf,dinov2_small,0.7419561867632043,0.12989892154043958,efficientnet_b0,0.6190926094698025,0.09166850884155098,0.1228635772934018,2.1389342434224683,0.09920652666280183,0.49603263331400915,0.9565604735314968,7,False,False,False
VisTex,rf,dinov2_small,0.7419561867632043,0.12989892154043958,gabor,0.352585326953748,0.06822422588536595,0.3893708598094563,9.170378933205635,0.0007851175514945606,0.01256188082391297,4.101118134772765,8,True,False,False
VisTex,rf,dinov2_small,0.7419561867632043,0.12989892154043958,glcm,0.36058044100149367,0.0630250555189486,0.3813757457617106,5.384495571776533,0.005751346060250365,0.06901615272300438,2.408019624592581,9,False,False,False
VisTex,rf,dinov2_small,0.7419561867632043,0.12989892154043958,hog,0.24706862435809804,0.06316575814085738,0.49488756240510623,7.447094709650224,0.0017366859777709995,0.023498086506093536,3.3304420011089784,10,True,False,False
VisTex,rf,dinov2_small,0.7419561867632043,0.12989892154043958,lbp,0.4836385407964355,0.07934953920050221,0.2583176459667688,9.103052591461529,0.0008076940313601256,0.01256188082391297,4.071008879388562,11,True,False,False
VisTex,rf,dinov2_small,0.7419561867632043,0.12989892154043958,resnet101,0.64691194932423,0.10371029358459084,0.09504423743897428,4.085458555544623,0.015030972093434593,0.12024777674747675,1.8270726098560528,12,False,False,False
VisTex,rf,dinov2_small,0.7419561867632043,0.12989892154043958,resnet50,0.5958219623131903,0.09169495955897951,0.146134224450014,5.360419405419349,0.005844677696985988,0.06901615272300438,2.397252435646008,13,False,False,False
VisTex,rf,dinov2_small,0.7419561867632043,0.12989892154043958,swin_t,0.7130849345586187,0.13037864108192962,0.02887125220458564,0.42449783234715144,0.693039459211431,1.0,0.18984120188465964,14,False,False,False
VisTex,rf,dinov2_small,0.7419561867632043,0.12989892154043958,vgg16,0.6479205505345857,0.08752999266328619,0.09403563622861855,1.6691362236916272,0.17041390201732767,0.6816556080693107,0.7464604119704292,15,False,False,False
VisTex,rf,dinov2_small,0.7419561867632043,0.12989892154043958,vit_b16,0.6034975583221197,0.11774374500766031,0.13845862844108459,4.263850359393928,0.013013647167269082,0.11712282450542173,1.9068518498720848,16,False,False,False
VisTex,svm,dinov2,0.7304820131135921,0.0708063964700715,convnext_v2_t,0.6496373509531405,0.07719792291749077,0.08084466216045161,3.9884722875984604,0.016285645786049983,0.06514258314419993,1.7836990322494954,1,False,False,False
VisTex,svm,dinov2,0.7304820131135921,0.0708063964700715,deit_s,0.5394358743920147,0.1169079760675013,0.19104613872157739,8.504473687927398,0.0010484658659108343,0.008387726927286674,3.8033162557370828,2,True,True,False
VisTex,svm,dinov2,0.7304820131135921,0.0708063964700715,densenet121,0.47871814150761516,0.04630919708074548,0.2517638716059769,7.974079373206228,0.0013403369455973605,0.009382358619181524,3.5661167072430957,3,True,True,False
VisTex,svm,dinov2,0.7304820131135921,0.0708063964700715,dinov2_large,0.7204899791566459,0.1204748800130477,0.009992033956946145,0.3779956854258092,0.7246371934909475,0.7246371934909475,0.1690448095598873,4,False,False,False
VisTex,svm,dinov2,0.7304820131135921,0.0708063964700715,dinov2_small,0.6395857066909698,0.07480950438349836,0.09089630642262225,8.80457202498377,0.0009180426794680214,0.008262384115212193,3.937524311960768,5,True,True,False
VisTex,svm,dinov2,0.7304820131135921,0.0708063964700715,drlbp,0.05306079660974964,0.007397080602962139,0.6774212165038425,23.586730289233127,1.915551749170124e-05,0.0002955584561062199,10.548306458571458,6,True,True,True
VisTex,svm,dinov2,0.7304820131135921,0.0708063964700715,efficientnet_b0,0.6574039982110157,0.07374964320276645,0.07307801490257637,3.668612917702743,0.02141726595430884,0.06514258314419993,1.6406535733866012,7,False,False,False
VisTex,svm,dinov2,0.7304820131135921,0.0708063964700715,gabor,0.0287123377785517,0.009253251773939257,0.7017696753350404,21.23866848830973,2.9056991653992582e-05,0.00037774089150190355,9.498221298160095,8,True,True,True
VisTex,svm,dinov2,0.7304820131135921,0.0708063964700715,glcm,0.02623101296166312,0.012695838669960208,0.704251000151929,19.113024820885236,4.415188052609884e-05,0.000529822566313186,8.547604550924282,9,True,True,True
VisTex,svm,dinov2,0.7304820131135921,0.0708063964700715,hog,0.04978461950082177,0.013357762999206373,0.6806973936127703,23.634355755769086,1.900249334266059e-05,0.0002955584561062199,10.569605214698496,10,True,True,True
VisTex,svm,dinov2,0.7304820131135921,0.0708063964700715,lbp,0.04780130678602665,0.011129432426468132,0.6826807063275654,23.80311248835959,1.8472403506638745e-05,0.0002955584561062199,10.645075519843253,11,True,True,True
VisTex,svm,dinov2,0.7304820131135921,0.0708063964700715,resnet101,0.5893403101122399,0.06606862155850585,0.1411417030013522,9.804350812090437,0.0006066533014600027,0.006066533014600027,4.384638978081687,12,True,True,False
VisTex,svm,dinov2,0.7304820131135921,0.0708063964700715,resnet50,0.5884689073110125,0.09879338544291551,0.14201310580257953,5.901854336261186,0.0041241308982570436,0.020620654491285216,2.6393894977873282,13,True,False,False
VisTex,svm,dinov2,0.7304820131135921,0.0708063964700715,swin_t,0.6603506850524395,0.09431493269253594,0.07013132806115252,3.77019717021489,0.019601126332204555,0.06514258314419993,1.6860834321950318,14,False,False,False
VisTex,svm,dinov2,0.7304820131135921,0.0708063964700715,vgg16,0.5915420434016925,0.09495291933398466,0.1389399697118996,7.40736951123136,0.0017720980164053024,0.010632588098431815,3.31267635223556,15,True,False,False
VisTex,svm,dinov2,0.7304820131135921,0.0708063964700715,vit_b16,0.5967110290619063,0.058157800552624275,0.13377098405168575,11.351538139986108,0.00034339264052565214,0.0037773190457821735,5.076562185845439,16,True,True,False
