dataset,subset,n_extractors,dim,clf,f1,std_f1,acc,std_acc,time_s
ocular_toxoplasmosis,gfs_subset,4,3456,svm_linear,0.8420029400524756,0.02471581670785798,0.8543344108139876,0.023139102177261586,0.3
ocular_toxoplasmosis,gfs_subset,4,3456,mlp_256,0.8120613299327424,0.029386084930589966,0.82765207170144,0.02471609110646096,4.0
ocular_toxoplasmosis,gfs_subset,4,3456,mlp_512,0.7925577128533823,0.04680280606843497,0.8081104907434616,0.04364039051693857,6.6
ocular_toxoplasmosis,full_concat,13,9772,svm_linear,0.8400150904696915,0.03296090733440002,0.8519541580957977,0.02799416957173227,0.9
ocular_toxoplasmosis,full_concat,13,9772,mlp_256,0.8089007243560535,0.06210064890889634,0.8228327945930062,0.05245856533559644,25.6
ocular_toxoplasmosis,full_concat,13,9772,mlp_512,0.8149610431776614,0.044241675944605936,0.82765207170144,0.04088646003633932,147.6
ocular_toxoplasmosis,single_best,1,1024,svm_linear,0.6988457256064727,0.0327873749044461,0.7546870408463121,0.03138602636884569,0.1
ocular_toxoplasmosis,single_best,1,1024,mlp_256,0.7815769650806391,0.04275557435302273,0.8082280340875698,0.030345112512353424,3.8
ocular_toxoplasmosis,single_best,1,1024,mlp_512,0.7924581970386624,0.057063480784027294,0.8080811049074346,0.04954755215070702,4.9
