dataset,classifier,seed,outer_fold,run_mode,method,macro_f1,accuracy,k,dimensions,fit_seconds,selected,inner_f1
SoilOriginal,svm,42,0,full,best_individual,0.8883230765566684,0.9342105263157895,1,768,0.20051950699962617,siglip_base,0.8541970096955083
SoilOriginal,svm,42,0,full,full_concat,0.8678294044636966,0.9298245614035088,20,19628,7.805537049000122,convnext_v2_t+deit_s+densenet121+dinov2+dinov2_large+dinov2_small+drlbp+efficientnet_b0+eva02_base+gabor+glcm+hog+lbp+mae_base+resnet101+resnet50+siglip_base+swin_t+vgg16+vit_b16,nan
SoilOriginal,svm,42,0,full,gfs,0.8792227497016256,0.9210526315789473,6,1736,0.7059100950000357,siglip_base+vit_b16+drlbp+glcm+gabor+lbp,0.8742916924440245
SoilOriginal,svm,42,0,full,best_homogeneous_self_supervised,0.903508948885398,0.9385964912280702,2,1536,0.5113924980005322,siglip_base+mae_base,0.8680209528387373
SoilOriginal,svm,42,1,full,best_individual,0.7978746901395904,0.8596491228070176,1,768,0.2199945980000848,eva02_base,0.876623988709962
SoilOriginal,svm,42,1,full,full_concat,0.8493576618698659,0.9122807017543859,20,19628,6.4777705739998055,convnext_v2_t+deit_s+densenet121+dinov2+dinov2_large+dinov2_small+drlbp+efficientnet_b0+eva02_base+gabor+glcm+hog+lbp+mae_base+resnet101+resnet50+siglip_base+swin_t+vgg16+vit_b16,nan
SoilOriginal,svm,42,1,full,gfs,0.7862422823280609,0.8728070175438597,4,2578,0.9015084029997524,eva02_base+mae_base+dinov2_large+glcm,0.892899268269473
SoilOriginal,svm,42,1,full,best_homogeneous_self_supervised,0.8000742994403455,0.881578947368421,3,2560,0.7189192709993222,siglip_base+dinov2_large+mae_base,0.8799544298331817
SoilOriginal,svm,42,2,full,best_individual,0.8407281725551331,0.881578947368421,1,768,0.20417758399980812,eva02_base,0.8811867170280777
SoilOriginal,svm,42,2,full,full_concat,0.8049764667616672,0.8771929824561403,20,19628,12.309963953000079,convnext_v2_t+deit_s+densenet121+dinov2+dinov2_large+dinov2_small+drlbp+efficientnet_b0+eva02_base+gabor+glcm+hog+lbp+mae_base+resnet101+resnet50+siglip_base+swin_t+vgg16+vit_b16,nan
SoilOriginal,svm,42,2,full,gfs,0.8522299677746435,0.8991228070175439,3,2304,0.6270089669997105,eva02_base+siglip_base+mae_base,0.9010689210318603
SoilOriginal,svm,42,2,full,best_homogeneous_self_supervised,0.8101829665739441,0.881578947368421,3,2560,1.084397013999478,siglip_base+mae_base+dinov2_large,0.8893158441696161
SoilOriginal,svm,42,3,full,best_individual,0.8866426916190118,0.9254385964912281,1,768,0.21119774900034827,eva02_base,0.8412642156445256
SoilOriginal,svm,42,3,full,full_concat,0.9046735098779086,0.9473684210526315,20,19628,15.426388771000347,convnext_v2_t+deit_s+densenet121+dinov2+dinov2_large+dinov2_small+drlbp+efficientnet_b0+eva02_base+gabor+glcm+hog+lbp+mae_base+resnet101+resnet50+siglip_base+swin_t+vgg16+vit_b16,nan
SoilOriginal,svm,42,3,full,gfs,0.8985717582931522,0.9385964912280702,5,3152,1.825520446000155,eva02_base+convnext_v2_t+mae_base+siglip_base+drlbp,0.877461646858018
SoilOriginal,svm,42,3,full,best_homogeneous_transformer,0.8657526279666222,0.9210526315789473,4,2688,1.2783892489997015,eva02_base+vit_b16+swin_t+deit_s,0.8566719960525064
SoilOriginal,svm,42,4,full,best_individual,0.8939061497128665,0.9254385964912281,1,768,0.6551559190002081,siglip_base,0.8602474712654306
SoilOriginal,svm,42,4,full,full_concat,0.9067429451239122,0.9342105263157895,20,19628,13.795346494999649,convnext_v2_t+deit_s+densenet121+dinov2+dinov2_large+dinov2_small+drlbp+efficientnet_b0+eva02_base+gabor+glcm+hog+lbp+mae_base+resnet101+resnet50+siglip_base+swin_t+vgg16+vit_b16,nan
SoilOriginal,svm,42,4,full,gfs,0.8808628222230149,0.9210526315789473,3,1840,0.517036516999724,siglip_base+densenet121+gabor,0.8783414259434537
SoilOriginal,svm,42,4,full,best_homogeneous_transformer,0.892776507571487,0.9342105263157895,2,1536,0.2830582920005327,eva02_base+vit_b16,0.8677019564417019
SoilOriginal,svm,123,0,full,best_individual,0.8659465266319767,0.9122807017543859,1,768,0.18819151200023043,siglip_base,0.8715115888660324
SoilOriginal,svm,123,0,full,full_concat,0.8833293324980783,0.9254385964912281,20,19628,9.2346909099997,convnext_v2_t+deit_s+densenet121+dinov2+dinov2_large+dinov2_small+drlbp+efficientnet_b0+eva02_base+gabor+glcm+hog+lbp+mae_base+resnet101+resnet50+siglip_base+swin_t+vgg16+vit_b16,nan
SoilOriginal,svm,123,0,full,gfs,0.8659465266319767,0.9122807017543859,2,848,0.21559523100040678,siglip_base+drlbp,0.8806318392554482
SoilOriginal,svm,123,0,full,best_homogeneous_self_supervised,0.8871283129035901,0.9210526315789473,2,1536,1.6809140330005903,siglip_base+mae_base,0.8757371403588131
SoilOriginal,svm,123,1,full,best_individual,0.8510710500879247,0.9039301310043668,1,768,0.20934387499983131,siglip_base,0.8580657097530766
SoilOriginal,svm,123,1,full,full_concat,0.8371897327312102,0.9082969432314411,20,19628,12.746195278999949,convnext_v2_t+deit_s+densenet121+dinov2+dinov2_large+dinov2_small+drlbp+efficientnet_b0+eva02_base+gabor+glcm+hog+lbp+mae_base+resnet101+resnet50+siglip_base+swin_t+vgg16+vit_b16,nan
SoilOriginal,svm,123,1,full,gfs,0.8782562534865531,0.9170305676855895,5,1718,1.6462436360006905,siglip_base+mae_base+drlbp+gabor+lbp,0.8846646509354552
SoilOriginal,svm,123,1,full,best_homogeneous_transformer,0.7791531441263284,0.8733624454148472,3,1920,0.3694618929994249,eva02_base+deit_s+vit_b16,0.8808713088922582
SoilOriginal,svm,123,2,full,best_individual,0.8045129045913597,0.8859649122807017,1,768,0.24711962200035487,siglip_base,0.8628873998498203
SoilOriginal,svm,123,2,full,full_concat,0.850679673196459,0.9210526315789473,20,19628,11.01613014800023,convnext_v2_t+deit_s+densenet121+dinov2+dinov2_large+dinov2_small+drlbp+efficientnet_b0+eva02_base+gabor+glcm+hog+lbp+mae_base+resnet101+resnet50+siglip_base+swin_t+vgg16+vit_b16,nan
SoilOriginal,svm,123,2,full,gfs,0.8101678525661277,0.8859649122807017,5,3376,2.3448374229992623,siglip_base+densenet121+mae_base+gabor+dinov2,0.8909165790869427
SoilOriginal,svm,123,2,full,best_homogeneous_self_supervised,0.8355270790302735,0.8991228070175439,3,1920,0.5596682610002972,siglip_base+dinov2_small+mae_base,0.8864090616540055
SoilOriginal,svm,123,3,full,best_individual,0.8710213305036029,0.9162995594713657,1,768,0.39644125899940263,eva02_base,0.8498117015448404
SoilOriginal,svm,123,3,full,full_concat,0.8925276396235643,0.920704845814978,20,19628,10.660595483999714,convnext_v2_t+deit_s+densenet121+dinov2+dinov2_large+dinov2_small+drlbp+efficientnet_b0+eva02_base+gabor+glcm+hog+lbp+mae_base+resnet101+resnet50+siglip_base+swin_t+vgg16+vit_b16,nan
SoilOriginal,svm,123,3,full,gfs,0.895356308307108,0.9251101321585903,4,1926,0.6351381220001713,eva02_base+densenet121+lbp+drlbp,0.8777890051130174
SoilOriginal,svm,123,3,full,best_homogeneous_transformer,0.886600055955126,0.920704845814978,2,1536,0.337292826000521,eva02_base+swin_t,0.8570547161601678
SoilOriginal,svm,123,4,full,best_individual,0.88677911110491,0.9166666666666666,1,768,0.19505699900037143,eva02_base,0.8465812247505717
SoilOriginal,svm,123,4,full,full_concat,0.9173248161053039,0.9429824561403509,20,19628,14.925428018001185,convnext_v2_t+deit_s+densenet121+dinov2+dinov2_large+dinov2_small+drlbp+efficientnet_b0+eva02_base+gabor+glcm+hog+lbp+mae_base+resnet101+resnet50+siglip_base+swin_t+vgg16+vit_b16,nan
SoilOriginal,svm,123,4,full,gfs,0.9057268558992853,0.9385964912280702,6,3144,1.6827687069999229,eva02_base+vit_b16+convnext_v2_t+lbp+glcm+mae_base,0.8729929311741731
SoilOriginal,svm,123,4,full,best_homogeneous_transformer,0.9124049646606037,0.9385964912280702,3,1920,0.619828001001224,eva02_base+vit_b16+deit_s,0.8545543333140052
SoilOriginal,svm,2026,0,full,best_individual,0.8320604686732134,0.8903508771929824,1,768,0.36034867700072937,eva02_base,0.8729218760978024
SoilOriginal,svm,2026,0,full,full_concat,0.8584440981501084,0.9166666666666666,20,19628,7.782350276998841,convnext_v2_t+deit_s+densenet121+dinov2+dinov2_large+dinov2_small+drlbp+efficientnet_b0+eva02_base+gabor+glcm+hog+lbp+mae_base+resnet101+resnet50+siglip_base+swin_t+vgg16+vit_b16,nan
SoilOriginal,svm,2026,0,full,gfs,0.8565033226072768,0.9122807017543859,4,1634,0.6189851319995796,eva02_base+siglip_base+drlbp+glcm,0.8852480196458861
SoilOriginal,svm,2026,0,full,best_homogeneous_self_supervised,0.8731767816357205,0.9210526315789473,2,1536,0.7736808040008327,siglip_base+mae_base,0.8772055511492989
SoilOriginal,svm,2026,1,full,best_individual,0.8596948506900214,0.9078947368421053,1,768,0.18680589700124983,siglip_base,0.8666532430427146
SoilOriginal,svm,2026,1,full,full_concat,0.893439193859362,0.9254385964912281,20,19628,9.10858854000071,convnext_v2_t+deit_s+densenet121+dinov2+dinov2_large+dinov2_small+drlbp+efficientnet_b0+eva02_base+gabor+glcm+hog+lbp+mae_base+resnet101+resnet50+siglip_base+swin_t+vgg16+vit_b16,nan
SoilOriginal,svm,2026,1,full,gfs,0.8684915454759649,0.9122807017543859,5,1682,0.6239239880014793,siglip_base+eva02_base+glcm+drlbp+gabor,0.8780480874611241
SoilOriginal,svm,2026,1,full,best_homogeneous_self_supervised,0.8554793618358963,0.9078947368421053,2,1536,0.4550038189991028,siglip_base+mae_base,0.8714389007737395
SoilOriginal,svm,2026,2,full,best_individual,0.8545402162480046,0.9035087719298246,1,768,0.1832189010001457,siglip_base,0.8651740002620135
SoilOriginal,svm,2026,2,full,full_concat,0.8884005477755095,0.9298245614035088,20,19628,7.915167716999349,convnext_v2_t+deit_s+densenet121+dinov2+dinov2_large+dinov2_small+drlbp+efficientnet_b0+eva02_base+gabor+glcm+hog+lbp+mae_base+resnet101+resnet50+siglip_base+swin_t+vgg16+vit_b16,nan
SoilOriginal,svm,2026,2,full,gfs,0.8867946950607891,0.9210526315789473,7,5164,1.7790131410001777,siglip_base+densenet121+eva02_base+hog+convnext_v2_t+lbp+glcm,0.8833361879476549
SoilOriginal,svm,2026,2,full,best_homogeneous_transformer,0.8589732569868469,0.9122807017543859,2,1536,0.2918392779993155,eva02_base+vit_b16,0.8699673067478465
SoilOriginal,svm,2026,3,full,best_individual,0.9001075839660064,0.9210526315789473,1,768,0.19984338599897455,eva02_base,0.8584857574192586
SoilOriginal,svm,2026,3,full,full_concat,0.8836627327759876,0.9078947368421053,20,19628,7.3620340269990265,convnext_v2_t+deit_s+densenet121+dinov2+dinov2_large+dinov2_small+drlbp+efficientnet_b0+eva02_base+gabor+glcm+hog+lbp+mae_base+resnet101+resnet50+siglip_base+swin_t+vgg16+vit_b16,nan
SoilOriginal,svm,2026,3,full,gfs,0.8982666765120637,0.9210526315789473,3,866,0.21005054200031736,eva02_base+glcm+drlbp,0.8661601169487996
SoilOriginal,svm,2026,3,full,best_homogeneous_transformer,0.896962263928096,0.9166666666666666,3,2304,0.46538719899945136,eva02_base+swin_t+vit_b16,0.8691104309904486
SoilOriginal,svm,2026,4,full,best_individual,0.8330454142729921,0.881578947368421,1,768,0.16542283200033125,eva02_base,0.8856592639953915
SoilOriginal,svm,2026,4,full,full_concat,0.8378190816659099,0.9122807017543859,20,19628,7.167375729999549,convnext_v2_t+deit_s+densenet121+dinov2+dinov2_large+dinov2_small+drlbp+efficientnet_b0+eva02_base+gabor+glcm+hog+lbp+mae_base+resnet101+resnet50+siglip_base+swin_t+vgg16+vit_b16,nan
SoilOriginal,svm,2026,4,full,gfs,0.8291348583409495,0.8991228070175439,5,5402,1.409373204000076,eva02_base+mae_base+resnet101+lbp+hog,0.9074220552962782
SoilOriginal,svm,2026,4,full,best_homogeneous_self_supervised,0.8570852040255835,0.9078947368421053,2,1536,0.4248453479995078,siglip_base+mae_base,0.8982255192070351
SoilOriginal,resmlp,42,0,full,best_individual,0.8820627368908488,0.9342105263157895,1,768,1.5351865569991787,siglip_base,0.8547016073710461
SoilOriginal,resmlp,42,0,full,full_concat,0.8911464870234534,0.9385964912280702,20,19628,1.669477380999524,convnext_v2_t+deit_s+densenet121+dinov2+dinov2_large+dinov2_small+drlbp+efficientnet_b0+eva02_base+gabor+glcm+hog+lbp+mae_base+resnet101+resnet50+siglip_base+swin_t+vgg16+vit_b16,nan
SoilOriginal,resmlp,42,0,full,gfs,0.8898257556630659,0.9517543859649122,5,3682,1.0649795240005915,siglip_base+mae_base+drlbp+resnet101+glcm,0.8638903536908716
SoilOriginal,resmlp,42,0,full,best_homogeneous_self_supervised,0.9187603086163173,0.956140350877193,2,1536,0.7110355519998848,siglip_base+mae_base,0.857211511535241
SoilOriginal,resmlp,42,1,full,best_individual,0.8343615928054868,0.8947368421052632,1,768,0.8878499629990984,siglip_base,0.8645230255313217
SoilOriginal,resmlp,42,1,full,full_concat,0.8055194347380423,0.8991228070175439,20,19628,1.719226790999528,convnext_v2_t+deit_s+densenet121+dinov2+dinov2_large+dinov2_small+drlbp+efficientnet_b0+eva02_base+gabor+glcm+hog+lbp+mae_base+resnet101+resnet50+siglip_base+swin_t+vgg16+vit_b16,nan
SoilOriginal,resmlp,42,1,full,gfs,0.846751183116953,0.9035087719298246,3,2304,1.5337513829999807,siglip_base+eva02_base+convnext_v2_t,0.8873756560655542
SoilOriginal,resmlp,42,1,full,best_homogeneous_transformer,0.8419757244737817,0.9122807017543859,2,1152,0.5724209309992148,eva02_base+deit_s,0.8662631336197366
SoilOriginal,resmlp,42,2,full,best_individual,0.8264756958916138,0.8859649122807017,1,768,1.6650738899988937,siglip_base,0.8549629265271781
SoilOriginal,resmlp,42,2,full,full_concat,0.8301778557754925,0.8859649122807017,20,19628,1.281782743999429,convnext_v2_t+deit_s+densenet121+dinov2+dinov2_large+dinov2_small+drlbp+efficientnet_b0+eva02_base+gabor+glcm+hog+lbp+mae_base+resnet101+resnet50+siglip_base+swin_t+vgg16+vit_b16,nan
SoilOriginal,resmlp,42,2,full,gfs,0.853704175510621,0.8991228070175439,4,1608,1.2565937799990934,siglip_base+mae_base+lbp+glcm,0.8865471670504911
SoilOriginal,resmlp,42,2,full,best_homogeneous_self_supervised,0.8697615719167444,0.9122807017543859,2,1536,1.1464881400006561,siglip_base+mae_base,0.8791923727165748
SoilOriginal,resmlp,42,3,full,best_individual,0.8572243687488287,0.9166666666666666,1,768,1.3575876780014369,convnext_v2_t,0.8225043762906646
SoilOriginal,resmlp,42,3,full,full_concat,0.8986967913016437,0.9385964912280702,20,19628,1.8233682730005967,convnext_v2_t+deit_s+densenet121+dinov2+dinov2_large+dinov2_small+drlbp+efficientnet_b0+eva02_base+gabor+glcm+hog+lbp+mae_base+resnet101+resnet50+siglip_base+swin_t+vgg16+vit_b16,nan
SoilOriginal,resmlp,42,3,full,gfs,0.919411962639211,0.9429824561403509,3,2304,1.406789614000445,convnext_v2_t+eva02_base+siglip_base,0.8708931003521849
SoilOriginal,resmlp,42,3,full,best_homogeneous_cnn,0.8557547509921342,0.9122807017543859,3,3072,1.466586176000419,convnext_v2_t+densenet121+efficientnet_b0,0.8484742383037972
SoilOriginal,resmlp,42,4,full,best_individual,0.8809652808835547,0.9122807017543859,1,768,0.779683416001717,eva02_base,0.8393932537503015
SoilOriginal,resmlp,42,4,full,full_concat,0.9112213435369171,0.9385964912280702,20,19628,1.9185797900008765,convnext_v2_t+deit_s+densenet121+dinov2+dinov2_large+dinov2_small+drlbp+efficientnet_b0+eva02_base+gabor+glcm+hog+lbp+mae_base+resnet101+resnet50+siglip_base+swin_t+vgg16+vit_b16,nan
SoilOriginal,resmlp,42,4,full,gfs,0.8873137384603377,0.9254385964912281,6,5220,1.2886111469997559,eva02_base+vit_b16+convnext_v2_t+siglip_base+hog+dinov2_small,0.8710464822623518
SoilOriginal,resmlp,42,4,full,best_homogeneous_transformer,0.8931907834201854,0.9342105263157895,3,1920,1.1330237249985657,eva02_base+vit_b16+deit_s,0.8505403837833911
SoilOriginal,resmlp,123,0,full,best_individual,0.8568512909673334,0.8903508771929824,1,768,0.6970650700004626,eva02_base,0.854723899498572
SoilOriginal,resmlp,123,0,full,full_concat,0.8762795485457795,0.9166666666666666,20,19628,1.3897364109998307,convnext_v2_t+deit_s+densenet121+dinov2+dinov2_large+dinov2_small+drlbp+efficientnet_b0+eva02_base+gabor+glcm+hog+lbp+mae_base+resnet101+resnet50+siglip_base+swin_t+vgg16+vit_b16,nan
SoilOriginal,resmlp,123,0,full,gfs,0.8883632485114549,0.9298245614035088,5,2706,1.1141087430005427,eva02_base+convnext_v2_t+siglip_base+glcm+deit_s,0.8798826982969834
SoilOriginal,resmlp,123,0,full,best_homogeneous_self_supervised,0.9129983660234264,0.9429824561403509,2,1536,1.5614625489997707,siglip_base+mae_base,0.8620499038045313
SoilOriginal,resmlp,123,1,full,best_individual,0.8385829259861997,0.9082969432314411,1,768,1.0197656379987166,siglip_base,0.8546488516191987
SoilOriginal,resmlp,123,1,full,full_concat,0.8193413453633899,0.8951965065502183,20,19628,1.9409716019999905,convnext_v2_t+deit_s+densenet121+dinov2+dinov2_large+dinov2_small+drlbp+efficientnet_b0+eva02_base+gabor+glcm+hog+lbp+mae_base+resnet101+resnet50+siglip_base+swin_t+vgg16+vit_b16,nan
SoilOriginal,resmlp,123,1,full,gfs,0.8034670958363167,0.8777292576419214,6,3474,0.5795142839997425,siglip_base+eva02_base+deit_s+convnext_v2_t+vit_b16+glcm,0.8819168091700409
SoilOriginal,resmlp,123,1,full,best_homogeneous_transformer,0.796530518464728,0.8820960698689956,2,1536,0.8917918179995468,vit_b16+eva02_base,0.8624475093540115
SoilOriginal,resmlp,123,2,full,best_individual,0.7746044513276545,0.8771929824561403,1,768,0.689809575000254,siglip_base,0.8664632053061084
SoilOriginal,resmlp,123,2,full,full_concat,0.8282130749363865,0.8947368421052632,20,19628,1.1822615940000105,convnext_v2_t+deit_s+densenet121+dinov2+dinov2_large+dinov2_small+drlbp+efficientnet_b0+eva02_base+gabor+glcm+hog+lbp+mae_base+resnet101+resnet50+siglip_base+swin_t+vgg16+vit_b16,nan
SoilOriginal,resmlp,123,2,full,gfs,0.83621000679583,0.8947368421052632,5,2962,0.6726439909998589,siglip_base+mae_base+densenet121+glcm+dinov2_small,0.885980537511825
SoilOriginal,resmlp,123,2,full,best_homogeneous_self_supervised,0.7849867684168377,0.8947368421052632,2,1536,1.0251491039998655,siglip_base+mae_base,0.8801106879918684
SoilOriginal,resmlp,123,3,full,best_individual,0.924215028506117,0.9427312775330396,1,768,0.7884481350010901,siglip_base,0.8309447862229533
SoilOriginal,resmlp,123,3,full,full_concat,0.8937400254813431,0.9251101321585903,20,19628,1.5378699289976794,convnext_v2_t+deit_s+densenet121+dinov2+dinov2_large+dinov2_small+drlbp+efficientnet_b0+eva02_base+gabor+glcm+hog+lbp+mae_base+resnet101+resnet50+siglip_base+swin_t+vgg16+vit_b16,nan
SoilOriginal,resmlp,123,3,full,gfs,0.9054297786790412,0.933920704845815,8,6576,1.1021177980001085,siglip_base+gabor+resnet101+eva02_base+vit_b16+dinov2_small+dinov2_large+mae_base,0.862473736965745
SoilOriginal,resmlp,123,3,full,best_homogeneous_self_supervised,0.9213113452490965,0.9427312775330396,2,1536,1.536796508000407,siglip_base+mae_base,0.8505113710635153
SoilOriginal,resmlp,123,4,full,best_individual,0.8511323416500971,0.8991228070175439,1,768,1.081895371000428,mae_base,0.8352446086889486
SoilOriginal,resmlp,123,4,full,full_concat,0.8932647375974886,0.9429824561403509,20,19628,1.5853573080021306,convnext_v2_t+deit_s+densenet121+dinov2+dinov2_large+dinov2_small+drlbp+efficientnet_b0+eva02_base+gabor+glcm+hog+lbp+mae_base+resnet101+resnet50+siglip_base+swin_t+vgg16+vit_b16,nan
SoilOriginal,resmlp,123,4,full,gfs,0.9008072795015423,0.9298245614035088,5,3398,1.175456356999348,mae_base+siglip_base+glcm+drlbp+hog,0.865459633109178
SoilOriginal,resmlp,123,4,full,best_homogeneous_self_supervised,0.8727641122821382,0.9298245614035088,2,1536,1.524729433000175,mae_base+siglip_base,0.848108728764488
SoilOriginal,resmlp,2026,0,full,best_individual,0.8405729313918796,0.8903508771929824,1,768,0.8400682470019092,eva02_base,0.860138090819417
SoilOriginal,resmlp,2026,0,full,full_concat,0.8485499462943071,0.8991228070175439,20,19628,1.5783655699997325,convnext_v2_t+deit_s+densenet121+dinov2+dinov2_large+dinov2_small+drlbp+efficientnet_b0+eva02_base+gabor+glcm+hog+lbp+mae_base+resnet101+resnet50+siglip_base+swin_t+vgg16+vit_b16,nan
SoilOriginal,resmlp,2026,0,full,gfs,0.8393180038339919,0.9035087719298246,4,3348,0.8479525759976241,eva02_base+siglip_base+gabor+hog,0.8716912062324154
SoilOriginal,resmlp,2026,0,full,best_homogeneous_transformer,0.8405729313918796,0.8903508771929824,1,768,0.8768819239994627,eva02_base,0.860138090819417
SoilOriginal,resmlp,2026,1,full,best_individual,0.8573812750839599,0.9166666666666666,1,768,0.9346228060021531,siglip_base,0.8450829065112067
SoilOriginal,resmlp,2026,1,full,full_concat,0.8737743579807052,0.9210526315789473,20,19628,1.5780933749992982,convnext_v2_t+deit_s+densenet121+dinov2+dinov2_large+dinov2_small+drlbp+efficientnet_b0+eva02_base+gabor+glcm+hog+lbp+mae_base+resnet101+resnet50+siglip_base+swin_t+vgg16+vit_b16,nan
SoilOriginal,resmlp,2026,1,full,gfs,0.8421131630349492,0.9166666666666666,4,4608,1.4050153520001913,siglip_base+resnet101+densenet121+mae_base,0.8791707611835632
SoilOriginal,resmlp,2026,1,full,best_homogeneous_transformer,0.8841065294219523,0.9122807017543859,3,2304,0.959527839000657,eva02_base+vit_b16+swin_t,0.8598070792707231
SoilOriginal,resmlp,2026,2,full,best_individual,0.8933417772703488,0.9166666666666666,1,768,0.8776370049999969,eva02_base,0.8390353718375628
SoilOriginal,resmlp,2026,2,full,full_concat,0.8652975680440642,0.9122807017543859,20,19628,1.7817893749997893,convnext_v2_t+deit_s+densenet121+dinov2+dinov2_large+dinov2_small+drlbp+efficientnet_b0+eva02_base+gabor+glcm+hog+lbp+mae_base+resnet101+resnet50+siglip_base+swin_t+vgg16+vit_b16,nan
SoilOriginal,resmlp,2026,2,full,gfs,0.8786443205465081,0.9166666666666666,5,5376,1.5991865030009649,eva02_base+resnet101+siglip_base+vit_b16+densenet121,0.8678975369097186
SoilOriginal,resmlp,2026,2,full,best_homogeneous_self_supervised,0.9093157194227806,0.9385964912280702,2,1536,1.2125989679989289,siglip_base+mae_base,0.8520772094414379
SoilOriginal,resmlp,2026,3,full,best_individual,0.883375027430327,0.9122807017543859,1,768,1.2555908819995238,eva02_base,0.8381788282496048
SoilOriginal,resmlp,2026,3,full,full_concat,0.8737954308263057,0.9035087719298246,20,19628,2.453446901999996,convnext_v2_t+deit_s+densenet121+dinov2+dinov2_large+dinov2_small+drlbp+efficientnet_b0+eva02_base+gabor+glcm+hog+lbp+mae_base+resnet101+resnet50+siglip_base+swin_t+vgg16+vit_b16,nan
SoilOriginal,resmlp,2026,3,full,gfs,0.8930468461404388,0.9166666666666666,6,5760,1.122728554000787,eva02_base+mae_base+vit_b16+deit_s+dinov2_large+resnet101,0.86393965887844
SoilOriginal,resmlp,2026,3,full,best_homogeneous_transformer,0.8927613520580111,0.9166666666666666,4,2688,1.0408029470017937,eva02_base+deit_s+vit_b16+swin_t,0.8547004616992202
SoilOriginal,resmlp,2026,4,full,best_individual,0.8123025071088552,0.8903508771929824,1,768,1.16012406200025,siglip_base,0.8786915406228305
SoilOriginal,resmlp,2026,4,full,full_concat,0.820586483814718,0.8903508771929824,20,19628,1.8967873439978575,convnext_v2_t+deit_s+densenet121+dinov2+dinov2_large+dinov2_small+drlbp+efficientnet_b0+eva02_base+gabor+glcm+hog+lbp+mae_base+resnet101+resnet50+siglip_base+swin_t+vgg16+vit_b16,nan
SoilOriginal,resmlp,2026,4,full,gfs,0.858369216516108,0.9078947368421053,6,4884,0.8525534469990816,siglip_base+gabor+mae_base+hog+eva02_base+dinov2,0.8898094876291964
SoilOriginal,resmlp,2026,4,full,best_homogeneous_self_supervised,0.8123025071088552,0.8903508771929824,1,768,1.2488065859979542,siglip_base,0.8786915406228305
