dataset,classifier,seed,outer_fold,run_mode,method,macro_f1,accuracy,k,dimensions,fit_seconds,selected,inner_f1
DTD,svm,42,0,full,best_individual,0.8401804503479369,0.8425531914893617,1,768,5.604926379000972,siglip_base,0.8323869270612757
DTD,svm,42,0,full,full_concat,0.8693950863339188,0.8707446808510638,20,19628,88.59784973499882,convnext_v2_t+deit_s+densenet121+dinov2+dinov2_large+dinov2_small+drlbp+efficientnet_b0+eva02_base+gabor+glcm+hog+lbp+mae_base+resnet101+resnet50+siglip_base+swin_t+vgg16+vit_b16,
DTD,svm,42,0,full,gfs,0.8806984863760254,0.8819148936170212,5,4352,16.047381061000124,siglip_base+dinov2_large+eva02_base+densenet121+dinov2,0.8636808215533234
DTD,svm,42,0,full,homogeneous,0.8643807002996545,0.8659574468085106,4,2944,23.23282256300081,siglip_base+dinov2_large+dinov2_small+mae_base,0.8515030702044784
DTD,svm,42,1,full,best_individual,0.8482174614162562,0.85,1,768,3.841817891000119,siglip_base,0.835883757300428
DTD,svm,42,1,full,full_concat,0.8711173104545613,0.8723404255319149,20,19628,61.88609480699961,convnext_v2_t+deit_s+densenet121+dinov2+dinov2_large+dinov2_small+drlbp+efficientnet_b0+eva02_base+gabor+glcm+hog+lbp+mae_base+resnet101+resnet50+siglip_base+swin_t+vgg16+vit_b16,
DTD,svm,42,1,full,gfs,0.8627112503680314,0.8638297872340426,6,4864,13.464776652000182,siglip_base+dinov2_large+eva02_base+dinov2+convnext_v2_t+mae_base,0.8650453091116723
DTD,svm,42,1,full,homogeneous,0.8585986869072791,0.8606382978723405,4,3328,19.0037886199998,siglip_base+dinov2_large+dinov2+mae_base,0.856493486536415
DTD,svm,42,2,full,best_individual,0.8436546470542189,0.8452127659574468,1,768,3.4765481049998925,siglip_base,0.8389935930916341
DTD,svm,42,2,full,full_concat,0.8631312616248883,0.8638297872340426,20,19628,53.86367130599956,convnext_v2_t+deit_s+densenet121+dinov2+dinov2_large+dinov2_small+drlbp+efficientnet_b0+eva02_base+gabor+glcm+hog+lbp+mae_base+resnet101+resnet50+siglip_base+swin_t+vgg16+vit_b16,
DTD,svm,42,2,full,gfs,0.8713991601892999,0.8723404255319149,6,6656,13.10293561599974,siglip_base+dinov2_large+eva02_base+resnet50+efficientnet_b0+dinov2,0.8689741205985442
DTD,svm,42,2,full,homogeneous,0.8645328946407714,0.8654255319148936,2,1792,8.412596388000566,siglip_base+dinov2_large,0.8554647221790467
DTD,svm,42,3,full,best_individual,0.8511027603772083,0.8542553191489362,1,768,3.447384917000818,siglip_base,0.8362066470689634
DTD,svm,42,3,full,full_concat,0.8719420644253062,0.872872340425532,20,19628,53.94309462700039,convnext_v2_t+deit_s+densenet121+dinov2+dinov2_large+dinov2_small+drlbp+efficientnet_b0+eva02_base+gabor+glcm+hog+lbp+mae_base+resnet101+resnet50+siglip_base+swin_t+vgg16+vit_b16,
DTD,svm,42,3,full,gfs,0.8781074965106591,0.8792553191489362,6,4736,11.73359286699997,siglip_base+dinov2_large+eva02_base+densenet121+dinov2_small+mae_base,0.8641434757856765
DTD,svm,42,3,full,homogeneous,0.8624302868825315,0.8648936170212767,2,1792,8.432680022000568,siglip_base+dinov2_large,0.8535833088025935
DTD,svm,42,4,full,best_individual,0.8481253041000519,0.85,1,768,3.4968445430004067,siglip_base,0.8366025143733156
DTD,svm,42,4,full,full_concat,0.871491547183983,0.872872340425532,20,19628,57.69504652899923,convnext_v2_t+deit_s+densenet121+dinov2+dinov2_large+dinov2_small+drlbp+efficientnet_b0+eva02_base+gabor+glcm+hog+lbp+mae_base+resnet101+resnet50+siglip_base+swin_t+vgg16+vit_b16,
DTD,svm,42,4,full,gfs,0.8736016973754247,0.875531914893617,5,3858,9.565290835000267,siglip_base+dinov2_large+eva02_base+efficientnet_b0+glcm,0.8660979058601501
DTD,svm,42,4,full,homogeneous,0.8702228640676549,0.8718085106382979,4,2944,14.44474821699987,siglip_base+dinov2_large+dinov2_small+mae_base,0.8588741189557424
DTD,svm,42,5,full,best_individual,0.8439604250914322,0.8468085106382979,1,768,3.4836980039981427,siglip_base,0.8365268835871043
DTD,svm,42,5,full,full_concat,0.8621465473064498,0.8638297872340426,20,19628,53.24370042699957,convnext_v2_t+deit_s+densenet121+dinov2+dinov2_large+dinov2_small+drlbp+efficientnet_b0+eva02_base+gabor+glcm+hog+lbp+mae_base+resnet101+resnet50+siglip_base+swin_t+vgg16+vit_b16,
DTD,svm,42,5,full,gfs,0.8696103782207478,0.8702127659574468,6,5394,10.798308536999684,siglip_base+dinov2_large+resnet50+eva02_base+vit_b16+glcm,0.8668402228797102
DTD,svm,42,5,full,homogeneous,0.8615660592728837,0.8627659574468085,3,2176,9.56484732700119,siglip_base+dinov2_large+dinov2_small,0.8588827434333536
DTD,svm,42,6,full,best_individual,0.8595923890867194,0.8611702127659574,1,768,3.470742320001591,siglip_base,0.8313083680631034
DTD,svm,42,6,full,full_concat,0.8676913302231634,0.8691489361702127,20,19628,56.61196318699877,convnext_v2_t+deit_s+densenet121+dinov2+dinov2_large+dinov2_small+drlbp+efficientnet_b0+eva02_base+gabor+glcm+hog+lbp+mae_base+resnet101+resnet50+siglip_base+swin_t+vgg16+vit_b16,
DTD,svm,42,6,full,gfs,0.8810232775698907,0.8824468085106383,7,6022,13.83466390400281,siglip_base+dinov2_large+eva02_base+efficientnet_b0+resnet101+lbp+drlbp,0.8631934714474594
DTD,svm,42,6,full,homogeneous,0.8737821754153502,0.875,4,2944,14.09548645799805,siglip_base+dinov2_large+dinov2_small+mae_base,0.8522801585249778
DTD,svm,42,7,full,best_individual,0.8262642732597907,0.8292553191489361,1,1024,5.07252712799891,dinov2_large,0.8424340428819569
DTD,svm,42,7,full,full_concat,0.8476694866367165,0.85,20,19628,54.51540440000099,convnext_v2_t+deit_s+densenet121+dinov2+dinov2_large+dinov2_small+drlbp+efficientnet_b0+eva02_base+gabor+glcm+hog+lbp+mae_base+resnet101+resnet50+siglip_base+swin_t+vgg16+vit_b16,
DTD,svm,42,7,full,gfs,0.8512089928576037,0.8531914893617021,8,6608,13.82783533700058,dinov2_large+eva02_base+dinov2_small+siglip_base+resnet50+vit_b16+dinov2+drlbp,0.8804389543105136
DTD,svm,42,7,full,homogeneous,0.8456307266874127,0.847872340425532,5,3712,17.61798314400221,dinov2_large+siglip_base+dinov2_small+dinov2+mae_base,0.8666753954773518
DTD,svm,42,8,full,best_individual,0.8411609583296416,0.8425531914893617,1,768,3.398321283999394,siglip_base,0.8363688515160801
DTD,svm,42,8,full,full_concat,0.8659649197629143,0.8664893617021276,20,19628,52.311931319,convnext_v2_t+deit_s+densenet121+dinov2+dinov2_large+dinov2_small+drlbp+efficientnet_b0+eva02_base+gabor+glcm+hog+lbp+mae_base+resnet101+resnet50+siglip_base+swin_t+vgg16+vit_b16,
DTD,svm,42,8,full,gfs,0.8643892000485681,0.8654255319148936,8,10800,17.02403052000227,siglip_base+dinov2+eva02_base+efficientnet_b0+dinov2_large+resnet50+vgg16+gabor,0.8620613995583112
DTD,svm,42,8,full,homogeneous,0.8524809647874374,0.8542553191489362,2,1536,7.0315726320004615,siglip_base+dinov2,0.8501056875216022
DTD,svm,42,9,full,best_individual,0.8234893075360027,0.826063829787234,1,1024,5.158146868998301,dinov2_large,0.8466777514837296
DTD,svm,42,9,full,full_concat,0.8576117074512438,0.8606382978723405,20,19628,54.76045760999841,convnext_v2_t+deit_s+densenet121+dinov2+dinov2_large+dinov2_small+drlbp+efficientnet_b0+eva02_base+gabor+glcm+hog+lbp+mae_base+resnet101+resnet50+siglip_base+swin_t+vgg16+vit_b16,
DTD,svm,42,9,full,gfs,0.8613611623891602,0.8632978723404255,4,2608,11.807330448005814,dinov2_large+siglip_base+eva02_base+gabor,0.8745697247937699
DTD,svm,42,9,full,homogeneous,0.8525730185467245,0.8542553191489362,3,2560,12.487850559002254,dinov2_large+siglip_base+mae_base,0.8664176549875774
DTD,resmlp,42,0,full,best_individual,0.8335000064458833,0.8351063829787234,1,768,2.6250288770002044,siglip_base,0.829623841398585
DTD,resmlp,42,0,full,full_concat,0.8645113913247591,0.8654255319148936,20,19628,6.273543110999981,convnext_v2_t+deit_s+densenet121+dinov2+dinov2_large+dinov2_small+drlbp+efficientnet_b0+eva02_base+gabor+glcm+hog+lbp+mae_base+resnet101+resnet50+siglip_base+swin_t+vgg16+vit_b16,
DTD,resmlp,42,0,full,gfs,0.867949073332511,0.8691489361702127,5,3632,1.7696812749995845,siglip_base+dinov2_large+eva02_base+densenet121+gabor,0.8621450712270924
DTD,resmlp,42,0,full,homogeneous,0.8629873610237014,0.8638297872340426,3,2176,5.074471585999618,siglip_base+dinov2_large+dinov2_small,0.8492109749307291
DTD,resmlp,42,1,full,best_individual,0.8445083236095535,0.8436170212765958,1,768,2.4746914090001155,siglip_base,0.8273632162824824
DTD,resmlp,42,1,full,full_concat,0.8628856462523586,0.8643617021276596,20,19628,4.490850627999862,convnext_v2_t+deit_s+densenet121+dinov2+dinov2_large+dinov2_small+drlbp+efficientnet_b0+eva02_base+gabor+glcm+hog+lbp+mae_base+resnet101+resnet50+siglip_base+swin_t+vgg16+vit_b16,
DTD,resmlp,42,1,full,gfs,0.8676177034995756,0.8691489361702127,8,5862,6.73036915800003,siglip_base+dinov2+resnet50+dinov2_large+eva02_base+lbp+deit_s+gabor,0.8621098165118135
DTD,resmlp,42,1,full,homogeneous,0.8595302121981067,0.8611702127659574,4,3328,2.915407511000012,siglip_base+dinov2+mae_base+dinov2_large,0.854099324991923
DTD,resmlp,42,2,full,best_individual,0.8366074150825067,0.8367021276595744,1,768,2.476255540999773,siglip_base,0.8306474074939894
DTD,resmlp,42,2,full,full_concat,0.8621049928015732,0.8627659574468085,20,19628,5.995566395000424,convnext_v2_t+deit_s+densenet121+dinov2+dinov2_large+dinov2_small+drlbp+efficientnet_b0+eva02_base+gabor+glcm+hog+lbp+mae_base+resnet101+resnet50+siglip_base+swin_t+vgg16+vit_b16,
DTD,resmlp,42,2,full,gfs,0.8701172782843075,0.8696808510638298,6,5430,5.475406370000201,siglip_base+dinov2_large+resnet50+lbp+eva02_base+swin_t,0.8676695385517351
DTD,resmlp,42,2,full,homogeneous,0.8671941503755386,0.8675531914893617,4,2944,2.359395527999368,siglip_base+dinov2_large+dinov2_small+mae_base,0.8537439355823678
DTD,resmlp,42,3,full,best_individual,0.84679865134178,0.8462765957446808,1,768,3.1065330210003594,siglip_base,0.8299674922351776
DTD,resmlp,42,3,full,full_concat,0.8705064620268154,0.8718085106382979,20,19628,5.5747919410005125,convnext_v2_t+deit_s+densenet121+dinov2+dinov2_large+dinov2_small+drlbp+efficientnet_b0+eva02_base+gabor+glcm+hog+lbp+mae_base+resnet101+resnet50+siglip_base+swin_t+vgg16+vit_b16,
DTD,resmlp,42,3,full,gfs,0.8779127725628006,0.8781914893617021,7,6070,5.511217899000258,siglip_base+dinov2_large+eva02_base+densenet121+resnet50+dinov2_small+lbp,0.8653908376756742
DTD,resmlp,42,3,full,homogeneous,0.8705744791070599,0.8723404255319149,4,2944,4.4151630269989255,siglip_base+dinov2_large+dinov2_small+mae_base,0.8529701712700318
DTD,resmlp,42,4,full,best_individual,0.842920872801616,0.8446808510638298,1,768,3.794589052999072,siglip_base,0.830291846605839
DTD,resmlp,42,4,full,full_concat,0.8642355376726556,0.8659574468085106,20,19628,2.841800811000212,convnext_v2_t+deit_s+densenet121+dinov2+dinov2_large+dinov2_small+drlbp+efficientnet_b0+eva02_base+gabor+glcm+hog+lbp+mae_base+resnet101+resnet50+siglip_base+swin_t+vgg16+vit_b16,
DTD,resmlp,42,4,full,gfs,0.8629628330658107,0.8643617021276596,5,3024,2.3121478829998523,siglip_base+dinov2_large+dinov2_small+eva02_base+drlbp,0.8643247336363297
DTD,resmlp,42,4,full,homogeneous,0.8594720852548706,0.8606382978723405,3,2176,4.683495317000052,siglip_base+dinov2_large+dinov2_small,0.8590592540277471
DTD,resmlp,42,5,full,best_individual,0.8390150612976585,0.8409574468085106,1,768,3.494986964000418,siglip_base,0.8374153678562691
DTD,resmlp,42,5,full,full_concat,0.85537729072341,0.8574468085106383,20,19628,3.730421714997647,convnext_v2_t+deit_s+densenet121+dinov2+dinov2_large+dinov2_small+drlbp+efficientnet_b0+eva02_base+gabor+glcm+hog+lbp+mae_base+resnet101+resnet50+siglip_base+swin_t+vgg16+vit_b16,
DTD,resmlp,42,5,full,gfs,0.8697527800631069,0.8707446808510638,7,5504,4.1081952179993095,siglip_base+dinov2_large+eva02_base+dinov2_small+swin_t+densenet121+convnext_v2_t,0.8703292685627453
DTD,resmlp,42,5,full,homogeneous,0.8581605906005554,0.8595744680851064,3,2176,3.5760651400014467,siglip_base+dinov2_large+dinov2_small,0.855652089231589
DTD,resmlp,42,6,full,best_individual,0.8459125939220944,0.8468085106382979,1,768,2.324550100001943,siglip_base,0.8303033512035078
DTD,resmlp,42,6,full,full_concat,0.8684482749235333,0.8691489361702127,20,19628,5.729836236998381,convnext_v2_t+deit_s+densenet121+dinov2+dinov2_large+dinov2_small+drlbp+efficientnet_b0+eva02_base+gabor+glcm+hog+lbp+mae_base+resnet101+resnet50+siglip_base+swin_t+vgg16+vit_b16,
DTD,resmlp,42,6,full,gfs,0.8830313341248496,0.8840425531914894,6,6400,4.194176996999886,siglip_base+dinov2+resnet50+dinov2_large+eva02_base+densenet121,0.8637285026051034
DTD,resmlp,42,6,full,homogeneous,0.8645532525291423,0.8664893617021276,4,2944,4.936555578999105,siglip_base+dinov2+dinov2_large+dinov2_small,0.8547574418269098
DTD,resmlp,42,7,full,best_individual,0.8385386813818707,0.8404255319148937,1,768,1.982477058998484,siglip_base,0.8399278840938037
DTD,resmlp,42,7,full,full_concat,0.8406289663219472,0.8430851063829787,20,19628,7.255709204997402,convnext_v2_t+deit_s+densenet121+dinov2+dinov2_large+dinov2_small+drlbp+efficientnet_b0+eva02_base+gabor+glcm+hog+lbp+mae_base+resnet101+resnet50+siglip_base+swin_t+vgg16+vit_b16,
DTD,resmlp,42,7,full,gfs,0.8512886544377756,0.8531914893617021,7,4498,2.7285878580005374,siglip_base+dinov2_large+eva02_base+dinov2_small+swin_t+glcm+vit_b16,0.8807088363801373
DTD,resmlp,42,7,full,homogeneous,0.8552178192396458,0.8569148936170212,4,2944,1.5968732109977282,siglip_base+dinov2_large+dinov2_small+mae_base,0.870969670559579
DTD,resmlp,42,8,full,best_individual,0.8265186595220868,0.825531914893617,1,768,2.523303104000661,siglip_base,0.8305043196657022
DTD,resmlp,42,8,full,full_concat,0.8598254552460013,0.8611702127659574,20,19628,4.485067590998369,convnext_v2_t+deit_s+densenet121+dinov2+dinov2_large+dinov2_small+drlbp+efficientnet_b0+eva02_base+gabor+glcm+hog+lbp+mae_base+resnet101+resnet50+siglip_base+swin_t+vgg16+vit_b16,
DTD,resmlp,42,8,full,gfs,0.8603552990070068,0.8611702127659574,4,3920,3.3639292619991465,siglip_base+dinov2_large+resnet50+drlbp,0.8582341271907885
DTD,resmlp,42,8,full,homogeneous,0.863390352197988,0.8643617021276596,3,2176,4.079909330001101,siglip_base+dinov2_large+dinov2_small,0.8536625460356824
DTD,resmlp,42,9,full,best_individual,0.8189454650782171,0.8223404255319149,1,768,2.8434848789984244,siglip_base,0.8392931792249952
DTD,resmlp,42,9,full,full_concat,0.8537955128858922,0.8569148936170212,20,19628,5.312660790998052,convnext_v2_t+deit_s+densenet121+dinov2+dinov2_large+dinov2_small+drlbp+efficientnet_b0+eva02_base+gabor+glcm+hog+lbp+mae_base+resnet101+resnet50+siglip_base+swin_t+vgg16+vit_b16,
DTD,resmlp,42,9,full,gfs,0.857447241085092,0.8590425531914894,4,3584,3.3900188010011334,siglip_base+dinov2_large+eva02_base+densenet121,0.8723554245940373
DTD,resmlp,42,9,full,homogeneous,0.8497530184787587,0.8526595744680852,3,2176,2.5321309009996185,siglip_base+dinov2_large+dinov2_small,0.8639957999625647
FMD,svm,42,0,full,best_individual,0.9449066755677796,0.945,1,768,0.2349850730024627,siglip_base,0.9725708031805592
FMD,svm,42,0,full,full_concat,0.934636017684798,0.935,20,19628,2.740791256997909,convnext_v2_t+deit_s+densenet121+dinov2+dinov2_large+dinov2_small+drlbp+efficientnet_b0+eva02_base+gabor+glcm+hog+lbp+mae_base+resnet101+resnet50+siglip_base+swin_t+vgg16+vit_b16,
FMD,svm,42,0,full,gfs,0.9599467477323704,0.96,3,1872,0.4012934469938045,siglip_base+dinov2_large+drlbp,0.9837880427430984
FMD,svm,42,0,full,homogeneous,0.9548033545401966,0.955,2,1792,0.3205112130017369,siglip_base+dinov2_large,0.9837590067384528
FMD,svm,42,1,full,best_individual,0.9799968730456534,0.98,1,768,0.2447428840023349,siglip_base,0.967480147065819
FMD,svm,42,1,full,full_concat,0.979993746091307,0.98,20,19628,2.9982798429991817,convnext_v2_t+deit_s+densenet121+dinov2+dinov2_large+dinov2_small+drlbp+efficientnet_b0+eva02_base+gabor+glcm+hog+lbp+mae_base+resnet101+resnet50+siglip_base+swin_t+vgg16+vit_b16,
FMD,svm,42,1,full,gfs,0.9949968730456537,0.995,5,1974,0.6052218230033759,siglip_base+dinov2_large+gabor+drlbp+lbp,0.9812063343160904
FMD,svm,42,1,full,homogeneous,0.9949968730456537,0.995,3,2560,0.4624987339993822,siglip_base+dinov2_large+dinov2,0.9799453664649428
FMD,svm,42,2,full,best_individual,0.9701928684007676,0.97,1,768,0.2405329829998663,siglip_base,0.9687688671927932
FMD,svm,42,2,full,full_concat,0.9452438775981182,0.945,20,19628,2.8905082880010013,convnext_v2_t+deit_s+densenet121+dinov2+dinov2_large+dinov2_small+drlbp+efficientnet_b0+eva02_base+gabor+glcm+hog+lbp+mae_base+resnet101+resnet50+siglip_base+swin_t+vgg16+vit_b16,
FMD,svm,42,2,full,gfs,0.9701928684007676,0.97,4,3328,0.5508741339945118,siglip_base+dinov2_large+eva02_base+swin_t,0.9824819965015728
FMD,svm,42,2,full,homogeneous,0.9849937460913072,0.985,3,2560,0.5971085569981369,siglip_base+dinov2_large+mae_base,0.9761706952335965
FMD,svm,42,3,full,best_individual,0.9899937460913072,0.99,1,768,0.3235235449974425,siglip_base,0.9613884064135206
FMD,svm,42,3,full,full_concat,0.9949968730456537,0.995,20,19628,3.4436716429991066,convnext_v2_t+deit_s+densenet121+dinov2+dinov2_large+dinov2_small+drlbp+efficientnet_b0+eva02_base+gabor+glcm+hog+lbp+mae_base+resnet101+resnet50+siglip_base+swin_t+vgg16+vit_b16,
FMD,svm,42,3,full,gfs,0.9949968730456537,0.995,4,2640,0.6385274900021614,siglip_base+dinov2_large+eva02_base+drlbp,0.9838002546234254
FMD,svm,42,3,full,homogeneous,0.9949968730456537,0.995,3,2560,0.6746744300035061,siglip_base+dinov2_large+mae_base,0.976113489301536
FMD,svm,42,4,full,best_individual,0.964893705733184,0.965,1,768,0.2745146160013973,siglip_base,0.9675095862512274
FMD,svm,42,4,full,full_concat,0.9604984724304364,0.96,20,19628,3.5017358440018143,convnext_v2_t+deit_s+densenet121+dinov2+dinov2_large+dinov2_small+drlbp+efficientnet_b0+eva02_base+gabor+glcm+hog+lbp+mae_base+resnet101+resnet50+siglip_base+swin_t+vgg16+vit_b16,
FMD,svm,42,4,full,gfs,0.9799906191369606,0.98,5,7424,1.033609307000006,siglip_base+dinov2+dinov2_large+mae_base+vgg16,0.9811872313489622
FMD,svm,42,4,full,homogeneous,0.9799906191369606,0.98,3,2560,0.719342829004745,siglip_base+dinov2+dinov2_large,0.9811230053524512
FMD,svm,123,0,full,best_individual,0.9649686834346654,0.965,1,768,0.2986101229980704,siglip_base,0.968628390801048
FMD,svm,123,0,full,full_concat,0.9701928684007676,0.97,20,19628,3.2973684079988743,convnext_v2_t+deit_s+densenet121+dinov2+dinov2_large+dinov2_small+drlbp+efficientnet_b0+eva02_base+gabor+glcm+hog+lbp+mae_base+resnet101+resnet50+siglip_base+swin_t+vgg16+vit_b16,
FMD,svm,123,0,full,gfs,0.9851067631555438,0.985,3,2560,0.7041343770033563,siglip_base+dinov2_large+mae_base,0.9797406116388786
FMD,svm,123,0,full,homogeneous,0.9851067631555438,0.985,3,2560,0.661347551002109,siglip_base+dinov2_large+mae_base,0.9797406116388786
FMD,svm,123,1,full,best_individual,0.9899937460913072,0.99,1,768,0.2516381669993279,siglip_base,0.9597985908605144
FMD,svm,123,1,full,full_concat,0.965081700498902,0.965,20,19628,3.409982887002116,convnext_v2_t+deit_s+densenet121+dinov2+dinov2_large+dinov2_small+drlbp+efficientnet_b0+eva02_base+gabor+glcm+hog+lbp+mae_base+resnet101+resnet50+siglip_base+swin_t+vgg16+vit_b16,
FMD,svm,123,1,full,gfs,0.9899937460913072,0.99,3,2816,0.675729415997921,siglip_base+dinov2_large+densenet121,0.9824737770469478
FMD,svm,123,1,full,homogeneous,0.9849937460913072,0.985,3,2560,0.5228335550054908,siglip_base+dinov2_large+dinov2,0.9811128079080432
FMD,svm,123,2,full,best_individual,0.9899749373433584,0.99,1,768,0.3197483250041841,siglip_base,0.9674589005028672
FMD,svm,123,2,full,full_concat,0.9799686834346656,0.98,20,19628,3.930803025999922,convnext_v2_t+deit_s+densenet121+dinov2+dinov2_large+dinov2_small+drlbp+efficientnet_b0+eva02_base+gabor+glcm+hog+lbp+mae_base+resnet101+resnet50+siglip_base+swin_t+vgg16+vit_b16,
FMD,svm,123,2,full,gfs,0.9698337306681336,0.97,3,1590,0.4668074029978015,siglip_base+dinov2+lbp,0.9786684405667074
FMD,svm,123,2,full,homogeneous,0.9749686834346656,0.975,2,1536,0.3686156449984992,siglip_base+dinov2,0.9774184405667076
FMD,svm,123,3,full,best_individual,0.949979810978408,0.95,1,768,0.2829795770012424,siglip_base,0.96880909822983
FMD,svm,123,3,full,full_concat,0.9498618954382158,0.95,20,19628,3.4745059549968573,convnext_v2_t+deit_s+densenet121+dinov2+dinov2_large+dinov2_small+drlbp+efficientnet_b0+eva02_base+gabor+glcm+hog+lbp+mae_base+resnet101+resnet50+siglip_base+swin_t+vgg16+vit_b16,
FMD,svm,123,3,full,gfs,0.9599113954877158,0.96,4,2614,0.6415240049973363,siglip_base+dinov2_large+eva02_base+lbp,0.9874906073814932
FMD,svm,123,3,full,homogeneous,0.95469033747596,0.955,3,2560,0.5589319659993635,siglip_base+dinov2_large+dinov2,0.9837046474065088
FMD,svm,123,4,full,best_individual,0.9748337306681336,0.975,1,768,0.3600012449969654,siglip_base,0.9662181485608956
FMD,svm,123,4,full,full_concat,0.9559472106840528,0.955,20,19628,3.691827192997153,convnext_v2_t+deit_s+densenet121+dinov2+dinov2_large+dinov2_small+drlbp+efficientnet_b0+eva02_base+gabor+glcm+hog+lbp+mae_base+resnet101+resnet50+siglip_base+swin_t+vgg16+vit_b16,
FMD,svm,123,4,full,gfs,0.965077633107158,0.965,3,2816,0.7015343199964263,siglip_base+dinov2_large+densenet121,0.9824988206258916
FMD,svm,123,4,full,homogeneous,0.979855666370429,0.98,2,1792,0.4567988679991686,siglip_base+dinov2_large,0.9800694357189716
FMD,svm,2026,0,full,best_individual,0.9651834875377284,0.965,1,768,0.3419775540023693,siglip_base,0.9688371570861792
FMD,svm,2026,0,full,full_concat,0.9494459883291718,0.95,20,19628,4.618263062999176,convnext_v2_t+deit_s+densenet121+dinov2+dinov2_large+dinov2_small+drlbp+efficientnet_b0+eva02_base+gabor+glcm+hog+lbp+mae_base+resnet101+resnet50+siglip_base+swin_t+vgg16+vit_b16,
FMD,svm,2026,0,full,gfs,0.9647055255399286,0.965,3,2816,0.7906054060003953,siglip_base+dinov2+efficientnet_b0,0.981260250767632
FMD,svm,2026,0,full,homogeneous,0.9746847088310504,0.975,3,2560,0.7086200120029389,siglip_base+dinov2+dinov2_large,0.9775086872904588
FMD,svm,2026,1,full,best_individual,0.954464303347487,0.955,1,768,0.2966431290042237,siglip_base,0.9725344729083496
FMD,svm,2026,1,full,full_concat,0.96010631644778,0.96,20,19628,3.658150912000565,convnext_v2_t+deit_s+densenet121+dinov2+dinov2_large+dinov2_small+drlbp+efficientnet_b0+eva02_base+gabor+glcm+hog+lbp+mae_base+resnet101+resnet50+siglip_base+swin_t+vgg16+vit_b16,
FMD,svm,2026,1,full,gfs,0.9592793034256448,0.96,4,2230,0.5448274189984659,siglip_base+dinov2_large+lbp+dinov2_small,0.9862720003573664
FMD,svm,2026,1,full,homogeneous,0.9695773204117234,0.97,2,1792,0.4202451529999962,siglip_base+dinov2_large,0.9849576626839144
FMD,svm,2026,2,full,best_individual,0.9899937460913072,0.99,1,768,0.4962428200014983,siglip_base,0.9626024897106265
FMD,svm,2026,2,full,full_concat,0.9899937460913072,0.99,20,19628,6.594569200999104,convnext_v2_t+deit_s+densenet121+dinov2+dinov2_large+dinov2_small+drlbp+efficientnet_b0+eva02_base+gabor+glcm+hog+lbp+mae_base+resnet101+resnet50+siglip_base+swin_t+vgg16+vit_b16,
FMD,svm,2026,2,full,gfs,0.9949968730456537,0.995,4,3328,1.5892219100060174,siglip_base+dinov2_large+eva02_base+mae_base,0.9786624100118968
FMD,svm,2026,2,full,homogeneous,0.9899937460913072,0.99,3,2560,1.1003313610053738,siglip_base+dinov2_large+dinov2,0.9750016845267164
FMD,svm,2026,3,full,best_individual,0.9801067631555436,0.98,1,768,0.4875139590003527,siglip_base,0.9611131741956518
FMD,svm,2026,3,full,full_concat,0.9653067941899778,0.965,20,19628,6.1000949810040765,convnext_v2_t+deit_s+densenet121+dinov2+dinov2_large+dinov2_small+drlbp+efficientnet_b0+eva02_base+gabor+glcm+hog+lbp+mae_base+resnet101+resnet50+siglip_base+swin_t+vgg16+vit_b16,
FMD,svm,2026,3,full,gfs,0.9748039798039798,0.975,3,2560,1.2170867470049416,siglip_base+dinov2_large+mae_base,0.9798808760615416
FMD,svm,2026,3,full,homogeneous,0.9748039798039798,0.975,3,2560,1.2224299790032092,siglip_base+dinov2_large+mae_base,0.9798808760615416
FMD,svm,2026,4,full,best_individual,0.980103636201197,0.98,1,768,0.5008098120015347,siglip_base,0.965006230397758
FMD,svm,2026,4,full,full_concat,0.9651996160390942,0.965,20,19628,6.440637690997392,convnext_v2_t+deit_s+densenet121+dinov2+dinov2_large+dinov2_small+drlbp+efficientnet_b0+eva02_base+gabor+glcm+hog+lbp+mae_base+resnet101+resnet50+siglip_base+swin_t+vgg16+vit_b16,
FMD,svm,2026,4,full,gfs,0.984971810389012,0.985,3,3072,1.1501107020012569,siglip_base+dinov2_large+efficientnet_b0,0.979974949098826
FMD,svm,2026,4,full,homogeneous,0.9849906191369604,0.985,3,2560,1.324442500997975,siglip_base+dinov2_large+mae_base,0.9748742493816304
FMD,resmlp,42,0,full,best_individual,0.9447274364013176,0.945,1,768,2.698816750998958,siglip_base,0.9701862497992002
FMD,resmlp,42,0,full,full_concat,0.9398120748804392,0.94,20,19628,3.4924572439995245,convnext_v2_t+deit_s+densenet121+dinov2+dinov2_large+dinov2_small+drlbp+efficientnet_b0+eva02_base+gabor+glcm+hog+lbp+mae_base+resnet101+resnet50+siglip_base+swin_t+vgg16+vit_b16,
FMD,resmlp,42,0,full,gfs,0.949503410233774,0.95,3,2560,2.745826241000032,siglip_base+dinov2_large+mae_base,0.9824545239741004
FMD,resmlp,42,0,full,homogeneous,0.949503410233774,0.95,3,2560,2.8871226250048494,siglip_base+dinov2_large+mae_base,0.9824545239741004
FMD,resmlp,42,1,full,best_individual,0.9748587933247752,0.975,1,768,1.1208202670022729,siglip_base,0.9686066244410276
FMD,resmlp,42,1,full,full_concat,0.9750906346541776,0.975,20,19628,2.062200506996305,convnext_v2_t+deit_s+densenet121+dinov2+dinov2_large+dinov2_small+drlbp+efficientnet_b0+eva02_base+gabor+glcm+hog+lbp+mae_base+resnet101+resnet50+siglip_base+swin_t+vgg16+vit_b16,
FMD,resmlp,42,1,full,gfs,0.9898587933247752,0.99,2,1792,1.1402066980008383,siglip_base+dinov2_large,0.983706210883682
FMD,resmlp,42,1,full,homogeneous,0.9898587933247752,0.99,2,1792,1.1681098069966538,siglip_base+dinov2_large,0.983706210883682
FMD,resmlp,42,2,full,best_individual,0.9751067631555436,0.975,1,768,1.4530856469937137,siglip_base,0.9648900847761566
FMD,resmlp,42,2,full,full_concat,0.9452615673526502,0.945,20,19628,2.273892199002148,convnext_v2_t+deit_s+densenet121+dinov2+dinov2_large+dinov2_small+drlbp+efficientnet_b0+eva02_base+gabor+glcm+hog+lbp+mae_base+resnet101+resnet50+siglip_base+swin_t+vgg16+vit_b16,
FMD,resmlp,42,2,full,gfs,0.9799906191369606,0.98,5,4404,1.6402426860004198,siglip_base+eva02_base+dinov2_large+drlbp+hog,0.9825750313214864
FMD,resmlp,42,2,full,homogeneous,0.974987492182614,0.975,4,2688,1.2614526370016392,siglip_base+dinov2+mae_base+dinov2_small,0.9762016321291032
FMD,resmlp,42,3,full,best_individual,0.9801036362011972,0.98,1,768,1.6770040210030857,siglip_base,0.9624703820997146
FMD,resmlp,42,3,full,full_concat,0.974727461242224,0.975,20,19628,2.741262948002259,convnext_v2_t+deit_s+densenet121+dinov2+dinov2_large+dinov2_small+drlbp+efficientnet_b0+eva02_base+gabor+glcm+hog+lbp+mae_base+resnet101+resnet50+siglip_base+swin_t+vgg16+vit_b16,
FMD,resmlp,42,3,full,gfs,0.9899937460913072,0.99,7,3510,1.8930169740051497,siglip_base+dinov2_large+eva02_base+drlbp+lbp+gabor+mae_base,0.9813463419336332
FMD,resmlp,42,3,full,homogeneous,0.99010989010989,0.99,2,1792,1.488839151999855,siglip_base+dinov2_large,0.9749329194752666
FMD,resmlp,42,4,full,best_individual,0.9652099056271072,0.965,1,768,1.5476977319995058,siglip_base,0.9673589105469572
FMD,resmlp,42,4,full,full_concat,0.9507890896722732,0.95,20,19628,2.9511231559954467,convnext_v2_t+deit_s+densenet121+dinov2+dinov2_large+dinov2_small+drlbp+efficientnet_b0+eva02_base+gabor+glcm+hog+lbp+mae_base+resnet101+resnet50+siglip_base+swin_t+vgg16+vit_b16,
FMD,resmlp,42,4,full,gfs,0.9701067631555436,0.97,4,3456,1.476916074003384,siglip_base+dinov2_large+dinov2_small+efficientnet_b0,0.9798942568547684
FMD,resmlp,42,4,full,homogeneous,0.9653765212109244,0.965,3,2176,1.262406893001753,siglip_base+dinov2_large+dinov2_small,0.9798047472305988
FMD,resmlp,123,0,full,best_individual,0.9649686834346654,0.965,1,768,1.3634242309999536,siglip_base,0.9673453897089968
FMD,resmlp,123,0,full,full_concat,0.9701897414464212,0.97,20,19628,1.9290665180014912,convnext_v2_t+deit_s+densenet121+dinov2+dinov2_large+dinov2_small+drlbp+efficientnet_b0+eva02_base+gabor+glcm+hog+lbp+mae_base+resnet101+resnet50+siglip_base+swin_t+vgg16+vit_b16,
FMD,resmlp,123,0,full,gfs,0.9799718103890118,0.98,5,4372,2.044795695997891,siglip_base+dinov2_large+hog+eva02_base+gabor,0.9786676588281212
FMD,resmlp,123,0,full,homogeneous,0.9799686834346656,0.98,3,2560,1.0724276370019652,siglip_base+dinov2_large+dinov2,0.9748777937462
FMD,resmlp,123,1,full,best_individual,0.9799968730456534,0.98,1,768,1.1626405409988363,siglip_base,0.9662791905436022
FMD,resmlp,123,1,full,full_concat,0.9499203296429914,0.95,20,19628,2.0133838550027576,convnext_v2_t+deit_s+densenet121+dinov2+dinov2_large+dinov2_small+drlbp+efficientnet_b0+eva02_base+gabor+glcm+hog+lbp+mae_base+resnet101+resnet50+siglip_base+swin_t+vgg16+vit_b16,
FMD,resmlp,123,1,full,gfs,0.9849937460913072,0.985,2,1792,1.0742356730042957,siglip_base+dinov2_large,0.97856133421087
FMD,resmlp,123,1,full,homogeneous,0.9849937460913072,0.985,2,1792,1.1161628889967687,siglip_base+dinov2_large,0.97856133421087
FMD,resmlp,123,2,full,best_individual,0.9700848274532484,0.97,1,768,1.7794457350028097,siglip_base,0.9673768414622071
FMD,resmlp,123,2,full,full_concat,0.9799686834346656,0.98,20,19628,2.401116341003217,convnext_v2_t+deit_s+densenet121+dinov2+dinov2_large+dinov2_small+drlbp+efficientnet_b0+eva02_base+gabor+glcm+hog+lbp+mae_base+resnet101+resnet50+siglip_base+swin_t+vgg16+vit_b16,
FMD,resmlp,123,2,full,gfs,0.984971810389012,0.985,6,4426,1.39932645400404,siglip_base+dinov2_large+lbp+eva02_base+hog+gabor,0.9773493689347348
FMD,resmlp,123,2,full,homogeneous,0.984971810389012,0.985,2,1792,1.6252587510025478,siglip_base+dinov2_large,0.973528270278912
FMD,resmlp,123,3,full,best_individual,0.9448287297105102,0.945,1,768,1.3421164669998689,siglip_base,0.9774528488199862
FMD,resmlp,123,3,full,full_concat,0.930664911737915,0.93,20,19628,1.9085074000031452,convnext_v2_t+deit_s+densenet121+dinov2+dinov2_large+dinov2_small+drlbp+efficientnet_b0+eva02_base+gabor+glcm+hog+lbp+mae_base+resnet101+resnet50+siglip_base+swin_t+vgg16+vit_b16,
FMD,resmlp,123,3,full,gfs,0.9547556260123058,0.955,4,2608,1.3517341119950288,siglip_base+dinov2_large+eva02_base+gabor,0.9875466536230189
FMD,resmlp,123,3,full,homogeneous,0.9648503528991336,0.965,2,1792,1.0177700360000017,siglip_base+dinov2_large,0.9823857638620156
FMD,resmlp,123,4,full,best_individual,0.965029726023248,0.965,1,768,1.192637818006915,siglip_base,0.9737628428482088
FMD,resmlp,123,4,full,full_concat,0.9556731106731108,0.955,20,19628,2.41494179500296,convnext_v2_t+deit_s+densenet121+dinov2+dinov2_large+dinov2_small+drlbp+efficientnet_b0+eva02_base+gabor+glcm+hog+lbp+mae_base+resnet101+resnet50+siglip_base+swin_t+vgg16+vit_b16,
FMD,resmlp,123,4,full,gfs,0.984971810389012,0.985,6,3456,1.647877329000039,siglip_base+dinov2+drlbp+dinov2_large+eva02_base+gabor,0.982481884824632
FMD,resmlp,123,4,full,homogeneous,0.974971810389012,0.975,2,1536,1.3303202489987598,siglip_base+dinov2,0.9762135189570856
FMD,resmlp,2026,0,full,best_individual,0.9652027429934408,0.965,1,768,1.1893772659968818,siglip_base,0.9700682110999826
FMD,resmlp,2026,0,full,full_concat,0.934637922587739,0.935,20,19628,1.7675821560042095,convnext_v2_t+deit_s+densenet121+dinov2+dinov2_large+dinov2_small+drlbp+efficientnet_b0+eva02_base+gabor+glcm+hog+lbp+mae_base+resnet101+resnet50+siglip_base+swin_t+vgg16+vit_b16,
FMD,resmlp,2026,0,full,gfs,0.9799785580273384,0.98,4,3328,1.0896009549978771,siglip_base+dinov2_large+eva02_base+mae_base,0.98498904390432
FMD,resmlp,2026,0,full,homogeneous,0.9749686834346656,0.975,2,1792,0.9401913249967038,siglip_base+dinov2_large,0.9812954407594972
FMD,resmlp,2026,1,full,best_individual,0.954714459695204,0.955,1,768,1.4625249529999564,siglip_base,0.9763355311782782
FMD,resmlp,2026,1,full,full_concat,0.9500046633666062,0.95,20,19628,1.7607833960064454,convnext_v2_t+deit_s+densenet121+dinov2+dinov2_large+dinov2_small+drlbp+efficientnet_b0+eva02_base+gabor+glcm+hog+lbp+mae_base+resnet101+resnet50+siglip_base+swin_t+vgg16+vit_b16,
FMD,resmlp,2026,1,full,gfs,0.9698472259447868,0.97,3,1846,1.406926288997056,siglip_base+dinov2_large+lbp,0.9849882621657332
FMD,resmlp,2026,1,full,homogeneous,0.9798624140087554,0.98,3,2560,1.381854522995127,siglip_base+dinov2_large+mae_base,0.9849537422355136
FMD,resmlp,2026,2,full,best_individual,0.99010989010989,0.99,1,768,1.0417518640024357,siglip_base,0.9576322308847984
FMD,resmlp,2026,2,full,full_concat,0.9949968730456534,0.995,20,19628,2.129510335995292,convnext_v2_t+deit_s+densenet121+dinov2+dinov2_large+dinov2_small+drlbp+efficientnet_b0+eva02_base+gabor+glcm+hog+lbp+mae_base+resnet101+resnet50+siglip_base+swin_t+vgg16+vit_b16,
FMD,resmlp,2026,2,full,gfs,0.9899937460913072,0.99,5,3712,1.2359388089971617,siglip_base+dinov2_large+dinov2+dinov2_small+eva02_base,0.9799891673367284
FMD,resmlp,2026,2,full,homogeneous,0.9849937460913072,0.985,5,3712,1.0927149479975924,siglip_base+dinov2_large+dinov2+dinov2_small+mae_base,0.9761884753781416
FMD,resmlp,2026,3,full,best_individual,0.9750906346541776,0.975,1,768,1.020435548001842,siglip_base,0.9634692422493942
FMD,resmlp,2026,3,full,full_concat,0.9545726891220518,0.955,20,19628,1.59709420499712,convnext_v2_t+deit_s+densenet121+dinov2+dinov2_large+dinov2_small+drlbp+efficientnet_b0+eva02_base+gabor+glcm+hog+lbp+mae_base+resnet101+resnet50+siglip_base+swin_t+vgg16+vit_b16,
FMD,resmlp,2026,3,full,gfs,0.9799718103890118,0.98,6,3010,0.9624383629998192,siglip_base+dinov2_large+gabor+eva02_base+glcm+deit_s,0.9787212601975116
FMD,resmlp,2026,3,full,homogeneous,0.9748039798039798,0.975,4,2944,0.8936435200012056,siglip_base+dinov2_large+dinov2+dinov2_small,0.9786234194417764
FMD,resmlp,2026,4,full,best_individual,0.9849906191369604,0.985,1,768,1.6385243639961118,siglip_base,0.9638096002200622
FMD,resmlp,2026,4,full,full_concat,0.9554707635879084,0.955,20,19628,2.2015748850026284,convnext_v2_t+deit_s+densenet121+dinov2+dinov2_large+dinov2_small+drlbp+efficientnet_b0+eva02_base+gabor+glcm+hog+lbp+mae_base+resnet101+resnet50+siglip_base+swin_t+vgg16+vit_b16,
FMD,resmlp,2026,4,full,gfs,0.9849906191369604,0.985,4,1890,1.4939028389999294,siglip_base+dinov2_large+glcm+drlbp,0.9799216909534624
FMD,resmlp,2026,4,full,homogeneous,0.9849906191369604,0.985,2,1792,1.2527012940045097,siglip_base+dinov2_large,0.9773796216302636
CUReT,svm,42,0,full,best_individual,0.992881035142622,0.992872416250891,1,1024,4.085481729009189,dinov2_large,0.9931770029685212
CUReT,svm,42,0,full,full_concat,0.9982178935113888,0.9982181040627228,20,19628,42.79296648399031,convnext_v2_t+deit_s+densenet121+dinov2+dinov2_large+dinov2_small+drlbp+efficientnet_b0+eva02_base+gabor+glcm+hog+lbp+mae_base+resnet101+resnet50+siglip_base+swin_t+vgg16+vit_b16,
CUReT,svm,42,0,full,gfs,0.9982176407303268,0.9982181040627228,4,3940,8.406687780996435,dinov2_large+vit_b16+dinov2_small+hog,0.9996266503750466
CUReT,svm,42,0,full,homogeneous,0.9982176407303268,0.9982181040627228,4,2944,6.140503531991271,dinov2_large+dinov2+dinov2_small+siglip_base,0.998875284254828
CUReT,svm,42,1,full,best_individual,0.9967961245753074,0.9967925873129008,1,1024,3.935328790001222,dinov2_large,0.9909419097177472
CUReT,svm,42,1,full,full_concat,1.0,1.0,20,19628,40.90748604100372,convnext_v2_t+deit_s+densenet121+dinov2+dinov2_large+dinov2_small+drlbp+efficientnet_b0+eva02_base+gabor+glcm+hog+lbp+mae_base+resnet101+resnet50+siglip_base+swin_t+vgg16+vit_b16,
CUReT,svm,42,1,full,gfs,0.9992871574045556,0.9992872416250892,5,4864,9.978635480991215,dinov2_large+efficientnet_b0+eva02_base+densenet121+dinov2,0.9978372025930828
CUReT,svm,42,1,full,homogeneous,0.9996435787022778,0.9996436208125444,4,2944,5.998948986991309,dinov2_large+siglip_base+dinov2_small+dinov2,0.9967099489961214
CUReT,resmlp,42,0,full,best_individual,0.9949992603626016,0.9950106913756236,1,384,2.416383053001482,dinov2_small,0.997822353460272
CUReT,resmlp,42,0,full,full_concat,0.9975051772467448,0.9975053456878118,20,19628,5.467885147998459,convnext_v2_t+deit_s+densenet121+dinov2+dinov2_large+dinov2_small+drlbp+efficientnet_b0+eva02_base+gabor+glcm+hog+lbp+mae_base+resnet101+resnet50+siglip_base+swin_t+vgg16+vit_b16,
CUReT,resmlp,42,0,full,gfs,0.9971484189474268,0.9971489665003564,2,1152,3.0418398390029324,dinov2_small+dinov2,0.9996578759800429
CUReT,resmlp,42,0,full,homogeneous,0.9971484189474268,0.9971489665003564,2,1152,2.8585719060065458,dinov2_small+dinov2,0.9996578759800429
CUReT,resmlp,42,1,full,best_individual,0.9992871574045556,0.9992872416250892,1,1024,3.7555236499902094,dinov2_large,0.9956211257262576
CUReT,resmlp,42,1,full,full_concat,1.0,1.0,20,19628,5.517233756007045,convnext_v2_t+deit_s+densenet121+dinov2+dinov2_large+dinov2_small+drlbp+efficientnet_b0+eva02_base+gabor+glcm+hog+lbp+mae_base+resnet101+resnet50+siglip_base+swin_t+vgg16+vit_b16,
CUReT,resmlp,42,1,full,gfs,0.9989307361068334,0.9989308624376336,4,5888,4.495707996000419,dinov2_large+resnet50+resnet101+vit_b16,0.9985378271051828
CUReT,resmlp,42,1,full,homogeneous,0.9992871574045556,0.9992872416250892,3,2560,3.8577233730029543,dinov2_large+dinov2+mae_base,0.9970397617350576
DTD,svm,42,0,full,topk_individual,0.8719645769447979,0.8734042553191489,5,3712,18.90717616999996,siglip_base+dinov2_large+dinov2+eva02_base+dinov2_small,0.8203577722539999
DTD,svm,42,1,full,topk_individual,0.8661630052982027,0.8675531914893617,6,4480,10.848865450000176,siglip_base+dinov2_large+dinov2+eva02_base+dinov2_small+convnext_v2_t,0.8104180934163553
DTD,svm,42,2,full,topk_individual,0.872349234898142,0.8734042553191489,6,4480,10.770024189999958,siglip_base+dinov2_large+dinov2+eva02_base+dinov2_small+convnext_v2_t,0.8115417054389615
DTD,svm,42,3,full,topk_individual,0.8742161644009503,0.875,6,4480,11.012970026999938,siglip_base+dinov2_large+dinov2+eva02_base+dinov2_small+convnext_v2_t,0.8103166274536499
DTD,svm,42,4,full,topk_individual,0.8726014787301294,0.8739361702127659,5,3712,18.277936662,siglip_base+dinov2_large+dinov2+eva02_base+dinov2_small,0.8248004409107133
DTD,svm,42,5,full,topk_individual,0.8674536486498909,0.8686170212765958,6,4480,10.906004188000225,siglip_base+dinov2+dinov2_large+eva02_base+dinov2_small+convnext_v2_t,0.8129662417397022
DTD,svm,42,6,full,topk_individual,0.8797972232046596,0.8808510638297873,7,5248,14.7183881750002,siglip_base+dinov2_large+dinov2+eva02_base+dinov2_small+convnext_v2_t+swin_t,0.7972241405975055
DTD,svm,42,7,full,topk_individual,0.8510290701516919,0.8531914893617021,8,7296,18.246095798999704,dinov2_large+siglip_base+dinov2+eva02_base+dinov2_small+convnext_v2_t+swin_t+resnet50,0.8020135820039747
DTD,svm,42,8,full,topk_individual,0.8679101096038901,0.8691489361702127,8,7296,17.21796746000018,siglip_base+dinov2+dinov2_large+eva02_base+dinov2_small+convnext_v2_t+swin_t+resnet101,0.7902760368981514
DTD,svm,42,9,full,topk_individual,0.8604397863904593,0.8622340425531915,4,3328,17.141941245999988,dinov2_large+siglip_base+dinov2+eva02_base,0.8358424220323754
FMD,svm,42,0,full,topk_individual,0.9646695207670816,0.965,3,2560,0.4397567790001631,siglip_base+dinov2_large+eva02_base,0.9640817920807172
FMD,svm,42,1,full,topk_individual,0.9949968730456537,0.995,5,3712,0.6347728549999374,siglip_base+dinov2+dinov2_large+eva02_base+dinov2_small,0.9509702007395606
FMD,svm,42,2,full,topk_individual,0.9849937460913072,0.985,4,3328,0.6204318410000269,siglip_base+eva02_base+dinov2+dinov2_large,0.9534423331525964
FMD,svm,42,3,full,topk_individual,1.0,1.0,4,3328,0.569965508000223,siglip_base+dinov2_large+eva02_base+dinov2,0.9524703905172678
FMD,svm,42,4,full,topk_individual,0.9699718103890118,0.97,5,3712,0.6086189620000368,siglip_base+dinov2_large+dinov2+eva02_base+dinov2_small,0.9550732506798572
FMD,svm,123,0,full,topk_individual,0.9799686834346656,0.98,3,2560,0.502418194999791,siglip_base+dinov2_large+dinov2,0.957863167721476
FMD,svm,123,1,full,topk_individual,0.9849937460913072,0.985,3,2560,0.4650930040002095,siglip_base+dinov2_large+dinov2,0.954478979104468
FMD,svm,123,2,full,topk_individual,0.984971810389012,0.985,3,2560,0.4783743510001841,siglip_base+dinov2_large+eva02_base,0.9598551023678272
FMD,svm,123,3,full,topk_individual,0.9699566223250434,0.97,4,3328,0.5603545150001992,siglip_base+dinov2+dinov2_large+eva02_base,0.958989352455316
FMD,svm,123,4,full,topk_individual,0.9748395378690629,0.975,3,2560,0.4765208730000267,siglip_base+dinov2_large+dinov2,0.9604144830522564
FMD,svm,2026,0,full,topk_individual,0.9849937460913072,0.985,3,2560,0.4446448399999099,siglip_base+dinov2_large+eva02_base,0.961177236982533
FMD,svm,2026,1,full,topk_individual,0.9699906191369604,0.97,4,3328,0.581967222000003,siglip_base+dinov2_large+dinov2+eva02_base,0.9614825396809512
FMD,svm,2026,2,full,topk_individual,0.9899937460913072,0.99,4,3328,0.6022158199998557,siglip_base+dinov2_large+dinov2+eva02_base,0.9482419642414004
FMD,svm,2026,3,full,topk_individual,0.9799718103890118,0.98,3,2560,0.4842482699996253,siglip_base+dinov2_large+dinov2,0.9536450961530072
FMD,svm,2026,4,full,topk_individual,0.9949968730456537,0.995,3,2560,0.4832799539999541,siglip_base+eva02_base+dinov2_large,0.9564453053488264
CUReT,svm,42,0,full,topk_individual,0.9982178935113888,0.9982181040627228,4,2944,7.112908877000336,dinov2_large+dinov2+dinov2_small+vit_b16,0.9892630606566908
CUReT,svm,42,1,full,topk_individual,0.9996435787022778,0.9996436208125444,5,3712,8.340165110999806,dinov2_large+dinov2+dinov2_small+vit_b16+swin_t,0.9813031862960024
DTD,resmlp,42,0,full,topk_individual,0.8722222227256035,0.8734042553191489,5,3712,11.066340490000584,siglip_base+dinov2_large+dinov2+eva02_base+dinov2_small,0.8118602659384114
DTD,resmlp,42,1,full,topk_individual,0.8763136692897349,0.8776595744680851,8,7296,11.831617384999843,dinov2+siglip_base+dinov2_large+eva02_base+dinov2_small+convnext_v2_t+swin_t+resnet101,0.7779273180943493
DTD,resmlp,42,2,full,topk_individual,0.8641147354591184,0.8648936170212767,6,4480,15.820237323999208,siglip_base+dinov2_large+dinov2+eva02_base+dinov2_small+convnext_v2_t,0.7939339991467813
DTD,resmlp,42,3,full,topk_individual,0.872870172873697,0.8739361702127659,7,6528,17.94021546499971,siglip_base+dinov2_large+dinov2+eva02_base+dinov2_small+convnext_v2_t+resnet101,0.7874706694938002
DTD,resmlp,42,4,full,topk_individual,0.8650679874794384,0.8664893617021276,5,3712,7.773770941001203,siglip_base+dinov2_large+dinov2+dinov2_small+eva02_base,0.8130145132722857
DTD,resmlp,42,5,full,topk_individual,0.8670909033664213,0.8680851063829788,7,5248,11.05260640099914,siglip_base+dinov2_large+dinov2+eva02_base+dinov2_small+convnext_v2_t+swin_t,0.7904867711190979
DTD,resmlp,42,6,full,topk_individual,0.881028677567632,0.8819148936170212,6,4480,8.161167593001664,siglip_base+dinov2_large+dinov2+dinov2_small+eva02_base+convnext_v2_t,0.7970185316249334
DTD,resmlp,42,7,full,topk_individual,0.8591910045708782,0.8617021276595744,7,6528,17.22287712800062,siglip_base+dinov2_large+dinov2+dinov2_small+eva02_base+convnext_v2_t+resnet101,0.8025205819389528
DTD,resmlp,42,8,full,topk_individual,0.854398472003442,0.8553191489361702,4,2944,7.288442744000349,siglip_base+dinov2_large+dinov2+dinov2_small,0.8101114953821567
DTD,resmlp,42,9,full,topk_individual,0.8497417914447667,0.8526595744680852,4,2944,11.564519694999037,siglip_base+dinov2_large+dinov2+dinov2_small,0.8256223132449576
FMD,resmlp,42,0,full,topk_individual,0.944628329609074,0.945,3,2304,2.0187037690011493,siglip_base+eva02_base+dinov2,0.959555730453908
FMD,resmlp,42,1,full,topk_individual,0.9949968730456537,0.995,2,1536,2.673219845999484,siglip_base+eva02_base,0.9573974527311766
FMD,resmlp,42,2,full,topk_individual,0.9751094434021264,0.975,5,3712,2.669462623000072,siglip_base+eva02_base+dinov2+dinov2_large+dinov2_small,0.9456169454566848
FMD,resmlp,42,3,full,topk_individual,1.0,1.0,7,5248,3.278621243998714,siglip_base+eva02_base+dinov2_large+dinov2+dinov2_small+convnext_v2_t+vit_b16,0.9216005589614517
FMD,resmlp,42,4,full,topk_individual,0.9653448583936388,0.965,4,3328,2.8618173520007986,siglip_base+eva02_base+dinov2_large+dinov2,0.951485695362647
FMD,resmlp,123,0,full,topk_individual,0.9748624140087554,0.975,5,3712,2.650875011999233,siglip_base+dinov2_large+eva02_base+dinov2+dinov2_small,0.9406105195464018
FMD,resmlp,123,1,full,topk_individual,0.9849937460913072,0.985,2,1536,2.256502333000753,siglip_base+eva02_base,0.9555874600980692
FMD,resmlp,123,2,full,topk_individual,0.984971810389012,0.985,6,4480,2.896341838000808,siglip_base+dinov2_large+eva02_base+dinov2+dinov2_small+convnext_v2_t,0.9301464623814946
FMD,resmlp,123,3,full,topk_individual,0.9648185426041652,0.965,4,3328,2.536261350000132,siglip_base+eva02_base+dinov2+dinov2_large,0.9558118019234968
FMD,resmlp,123,4,full,topk_individual,0.9699167089590112,0.97,6,4480,2.889490962999844,siglip_base+dinov2_large+eva02_base+dinov2+dinov2_small+convnext_v2_t,0.9421478107081296
FMD,resmlp,2026,0,full,topk_individual,0.9799686834346656,0.98,4,3328,2.391206533999138,siglip_base+eva02_base+dinov2+dinov2_large,0.9504659166785906
FMD,resmlp,2026,1,full,topk_individual,0.9548503528991334,0.955,3,2304,2.4433740669992403,siglip_base+eva02_base+dinov2,0.9581201485819436
FMD,resmlp,2026,2,full,topk_individual,0.9899937460913072,0.99,5,3712,2.783728492000592,siglip_base+dinov2+eva02_base+dinov2_small+dinov2_large,0.9417513469014648
FMD,resmlp,2026,3,full,topk_individual,0.9802376485303316,0.98,6,4480,3.512857106999945,siglip_base+dinov2+eva02_base+dinov2_large+dinov2_small+convnext_v2_t,0.9350500242607525
FMD,resmlp,2026,4,full,topk_individual,0.9899937460913072,0.99,4,3328,2.2941526630002045,siglip_base+dinov2+eva02_base+dinov2_large,0.9477393653575756
CUReT,resmlp,42,0,full,topk_individual,0.9975125519192036,0.9975053456878118,2,1152,9.681387959000858,dinov2+dinov2_small,0.9975096606885632
CUReT,resmlp,42,1,full,topk_individual,0.9964306565950624,0.9964362081254454,4,2944,3.797658343000876,dinov2_large+dinov2+dinov2_small+swin_t,0.9927820368532236
Outex13Official1360,resmlp,42,0,full,best_individual,0.9177604984410884,0.9220588235294118,1,384,1.0502016330001425,dinov2_small,0.8881477591036414
Outex13Official1360,resmlp,42,0,full,full_concat,0.9541767486699112,0.9544117647058824,20,19628,1.7982246410001608,convnext_v2_t+deit_s+densenet121+dinov2+dinov2_large+dinov2_small+drlbp+efficientnet_b0+eva02_base+gabor+glcm+hog+lbp+mae_base+resnet101+resnet50+siglip_base+swin_t+vgg16+vit_b16,
Outex13Official1360,resmlp,42,0,full,gfs,0.9423435812566644,0.9426470588235294,7,3682,1.94970753600046,dinov2_small+densenet121+dinov2_large+drlbp+glcm+swin_t+deit_s,0.9171306022408964
Outex13Official1360,resmlp,42,0,full,homogeneous,0.9305568890688314,0.9338235294117648,3,2176,1.016073368000434,dinov2_small+dinov2_large+mae_base,0.9029499299719888
Outex13Official1360,svm,42,0,full,best_individual,0.9066117521911786,0.9102941176470588,1,1024,1.1526379120005004,dinov2_large,0.8743347338935574
Outex13Official1360,svm,42,0,full,full_concat,0.9572031312147552,0.9573529411764706,20,19628,28.831469536999972,convnext_v2_t+deit_s+densenet121+dinov2+dinov2_large+dinov2_small+drlbp+efficientnet_b0+eva02_base+gabor+glcm+hog+lbp+mae_base+resnet101+resnet50+siglip_base+swin_t+vgg16+vit_b16,
Outex13Official1360,svm,42,0,full,gfs,0.9425742649062628,0.9426470588235294,6,5936,7.00063265999961,dinov2_large+efficientnet_b0+convnext_v2_t+swin_t+resnet50+gabor,0.9104516806722688
Outex13Official1360,svm,42,0,full,homogeneous,0.9307499020892676,0.9323529411764706,5,3712,5.819490576000135,dinov2_large+dinov2+dinov2_small+siglip_base+mae_base,0.8905724789915965
Outex13Official1360,resmlp,42,0,full,topk_individual,0.9418834643139382,0.9441176470588236,7,6016,4.750791325999671,dinov2+dinov2_large+dinov2_small+siglip_base+swin_t+efficientnet_b0+densenet121,0.8649147158863546
Outex13Official1360,svm,42,0,full,topk_individual,0.9503098094722332,0.951470588235294,6,6272,6.674992582999948,dinov2_large+dinov2_small+dinov2+convnext_v2_t+resnet101+efficientnet_b0,0.8437603450471097
