dataset,classifier,seed,outer_fold,method,selected,n_test,accuracy,balanced_accuracy,precision_macro,recall_macro,macro_f1,roc_auc_ovr_macro,fit_predict_seconds,archived_accuracy,archived_macro_f1,delta_accuracy_vs_archive,delta_macro_f1_vs_archive
Outex13Official1360,svm,42,0,best_homogeneous_self_supervised,dinov2_large+dinov2+dinov2_small+siglip_base+mae_base,680,0.9323529411764706,0.9323529411764706,0.9326415822739352,0.9323529411764706,0.9307499020892676,0.9987928007023704,5.132010086000264,0.9323529411764706,0.9307499020892676,0.0,0.0
Outex13Official1360,svm,42,0,best_individual,dinov2_large,680,0.9102941176470588,0.9102941176470588,0.9084553110288405,0.9102941176470588,0.9066117521911786,0.9983779631255487,0.8096404540001458,0.9102941176470588,0.9066117521911786,0.0,0.0
Outex13Official1360,svm,42,0,full_concat,convnext_v2_t+deit_s+densenet121+dinov2+dinov2_large+dinov2_small+drlbp+efficientnet_b0+eva02_base+gabor+glcm+hog+lbp+mae_base+resnet101+resnet50+siglip_base+swin_t+vgg16+vit_b16,680,0.9573529411764706,0.9573529411764707,0.960840140251905,0.9573529411764707,0.9572031312147551,0.9990605794556631,20.300720731999718,0.9573529411764706,0.9572031312147552,0.0,-1.1102230246251565e-16
Outex13Official1360,svm,42,0,gfs,dinov2_large+efficientnet_b0+convnext_v2_t+swin_t+resnet50+gabor,680,0.9426470588235294,0.9426470588235295,0.9480116288939818,0.9426470588235295,0.9425742649062627,0.9989486391571551,5.005124527000589,0.9426470588235294,0.9425742649062628,0.0,-1.1102230246251565e-16
Outex13Official1360,svm,42,0,topk_individual,dinov2_large+dinov2_small+dinov2+convnext_v2_t+resnet101+efficientnet_b0,680,0.9514705882352941,0.9514705882352942,0.9534494916847858,0.9514705882352942,0.9503098094722333,0.9986720807726075,5.660905781999645,0.951470588235294,0.9503098094722332,1.1102230246251565e-16,1.1102230246251565e-16
CUReT,resmlp,42,0,best_homogeneous_self_supervised,dinov2_small+dinov2,2806,0.9975053456878118,0.9975053456878119,0.9975508409032318,0.9975053456878119,0.9975050930262113,0.99999870877106,17.511337701999764,0.9971489665003564,0.9971484189474268,0.0003563791874553468,0.0003566740787844802
CUReT,resmlp,42,0,best_individual,dinov2_small,2806,0.9967925873129009,0.9967925873129009,0.9968532476001275,0.9967925873129009,0.9967921212926157,0.9999876042021755,12.183667624000009,0.9950106913756236,0.9949992603626016,0.0017818959372772891,0.001792860930014184
CUReT,resmlp,42,0,full_concat,convnext_v2_t+deit_s+densenet121+dinov2+dinov2_large+dinov2_small+drlbp+efficientnet_b0+eva02_base+gabor+glcm+hog+lbp+mae_base+resnet101+resnet50+siglip_base+swin_t+vgg16+vit_b16,2806,0.9982181040627227,0.9982181040627228,0.9982560167422393,0.9982181040627228,0.9982178935113889,0.9999913487661016,54.22911825199935,0.9975053456878118,0.9975051772467448,0.0007127583749109156,0.0007127162646440866
CUReT,resmlp,42,0,gfs,dinov2_small+dinov2,2806,0.9975053456878118,0.9975053456878119,0.9975508409032318,0.9975053456878119,0.9975050930262113,0.99999870877106,13.497704632000023,0.9971489665003564,0.9971484189474268,0.0003563791874553468,0.0003566740787844802
CUReT,resmlp,42,0,topk_individual,dinov2+dinov2_small,2806,0.9975053456878118,0.9975053456878119,0.9975874898267644,0.9975053456878119,0.9975125519192037,0.999998579648166,13.794120538999778,0.9975053456878118,0.9975125519192036,0.0,1.1102230246251565e-16
CUReT,resmlp,42,1,best_homogeneous_self_supervised,dinov2_large+dinov2+mae_base,2806,0.9992872416250891,0.9992872416250891,0.9993024066968957,0.9992872416250891,0.9992871574045555,1.0,5.769750660999307,0.9992872416250892,0.9992871574045556,-1.1102230246251565e-16,-1.1102230246251565e-16
CUReT,resmlp,42,1,best_individual,dinov2_large,2806,0.9989308624376336,0.9989308624376337,0.9989536100453436,0.9989308624376337,0.9989307361068334,1.0,11.958835287000511,0.9992872416250892,0.9992871574045556,-0.00035637918745556885,-0.0003564212977222869
CUReT,resmlp,42,1,full_concat,convnext_v2_t+deit_s+densenet121+dinov2+dinov2_large+dinov2_small+drlbp+efficientnet_b0+eva02_base+gabor+glcm+hog+lbp+mae_base+resnet101+resnet50+siglip_base+swin_t+vgg16+vit_b16,2806,1.0,1.0,1.0,1.0,1.0,1.0,41.089100817000144,1.0,1.0,0.0,0.0
CUReT,resmlp,42,1,gfs,dinov2_large+resnet50+resnet101+vit_b16,2806,0.9989308624376336,0.9989308624376337,0.9989536100453436,0.9989308624376337,0.9989307361068334,1.0,21.87159240999972,0.9989308624376336,0.9989307361068334,0.0,0.0
CUReT,resmlp,42,1,topk_individual,dinov2_large+dinov2+dinov2_small+swin_t,2806,0.9964362081254454,0.9964362081254454,0.9967277955157271,0.9964362081254454,0.9964306565950624,1.0,5.19515477799996,0.9964362081254454,0.9964306565950624,0.0,0.0
CUReT,svm,42,0,best_homogeneous_self_supervised,dinov2_large+dinov2+dinov2_small+siglip_base,2806,0.9982181040627227,0.9982181040627228,0.9982705499360539,0.9982181040627228,0.9982176407303267,0.9998378216451289,7.474711286999991,0.9982181040627228,0.9982176407303268,-1.1102230246251565e-16,-1.1102230246251565e-16
CUReT,svm,42,0,best_individual,dinov2_large,2806,0.992872416250891,0.9928724162508908,0.9930831106332692,0.9928724162508908,0.992881035142622,0.9997631886123937,5.263070986000457,0.992872416250891,0.992881035142622,0.0,0.0
CUReT,svm,42,0,full_concat,convnext_v2_t+deit_s+densenet121+dinov2+dinov2_large+dinov2_small+drlbp+efficientnet_b0+eva02_base+gabor+glcm+hog+lbp+mae_base+resnet101+resnet50+siglip_base+swin_t+vgg16+vit_b16,2806,0.9982181040627227,0.9982181040627228,0.9982560167422393,0.9982181040627228,0.9982178935113889,0.9998941192269154,53.05570506799995,0.9982181040627228,0.9982178935113888,-1.1102230246251565e-16,1.1102230246251565e-16
CUReT,svm,42,0,gfs,dinov2_large+vit_b16+dinov2_small+hog,2806,0.9982181040627227,0.9982181040627228,0.998270549936054,0.9982181040627228,0.9982176407303267,0.9998795283398929,10.428830240000025,0.9982181040627228,0.9982176407303268,-1.1102230246251565e-16,-1.1102230246251565e-16
CUReT,svm,42,0,topk_individual,dinov2_large+dinov2+dinov2_small+vit_b16,2806,0.9982181040627227,0.9982181040627228,0.9982560167422393,0.9982181040627228,0.9982178935113889,0.9999158118731084,8.290399922000688,0.9982181040627228,0.9982178935113888,-1.1102230246251565e-16,1.1102230246251565e-16
CUReT,svm,42,1,best_homogeneous_self_supervised,dinov2_large+siglip_base+dinov2_small+dinov2,2806,0.9996436208125445,0.9996436208125445,0.9996512033484478,0.9996436208125445,0.9996435787022778,0.9999998708771061,7.7960961710004995,0.9996436208125444,0.9996435787022778,1.1102230246251565e-16,0.0
CUReT,svm,42,1,best_individual,dinov2_large,2806,0.9967925873129009,0.9967925873129009,0.9968532476001275,0.9967925873129009,0.9967961245753074,0.9999952224529218,4.933290121000027,0.9967925873129008,0.9967961245753074,1.1102230246251565e-16,0.0
CUReT,svm,42,1,full_concat,convnext_v2_t+deit_s+densenet121+dinov2+dinov2_large+dinov2_small+drlbp+efficientnet_b0+eva02_base+gabor+glcm+hog+lbp+mae_base+resnet101+resnet50+siglip_base+swin_t+vgg16+vit_b16,2806,1.0,1.0,1.0,1.0,1.0,1.0,51.95642579899959,1.0,1.0,0.0,0.0
CUReT,svm,42,1,gfs,dinov2_large+efficientnet_b0+eva02_base+densenet121+dinov2,2806,0.9992872416250891,0.9992872416250891,0.9993024066968957,0.9992872416250891,0.9992871574045555,0.999999741754212,12.682968405999418,0.9992872416250892,0.9992871574045556,-1.1102230246251565e-16,-1.1102230246251565e-16
CUReT,svm,42,1,topk_individual,dinov2_large+dinov2+dinov2_small+vit_b16+swin_t,2806,0.9996436208125445,0.9996436208125445,0.9996512033484478,0.9996436208125445,0.9996435787022778,0.9999998708771061,10.324464117999923,0.9996436208125444,0.9996435787022778,1.1102230246251565e-16,0.0
DTD,resmlp,42,0,best_homogeneous_self_supervised,siglip_base+dinov2_large+dinov2_small,1880,0.8632978723404255,0.8632978723404254,0.8641009932612689,0.8632978723404254,0.8618983667515043,0.9936037234042553,8.81271532000028,0.8638297872340426,0.8629873610237014,-0.0005319148936170359,-0.001088994272197108
DTD,resmlp,42,0,best_individual,siglip_base,1880,0.8446808510638298,0.8446808510638298,0.8493101315126332,0.8446808510638298,0.8442651966075458,0.9912497109158187,11.055603581000469,0.8351063829787234,0.8335000064458833,0.009574468085106425,0.010765190161662552
DTD,resmlp,42,0,full_concat,convnext_v2_t+deit_s+densenet121+dinov2+dinov2_large+dinov2_small+drlbp+efficientnet_b0+eva02_base+gabor+glcm+hog+lbp+mae_base+resnet101+resnet50+siglip_base+swin_t+vgg16+vit_b16,1880,0.8664893617021276,0.8664893617021275,0.8688323246016623,0.8664893617021275,0.8655590116920793,0.9940870721554117,29.64328698100053,0.8654255319148936,0.8645113913247591,0.0010638297872340718,0.0010476203673202011
DTD,resmlp,42,0,gfs,siglip_base+dinov2_large+eva02_base+densenet121+gabor,1880,0.8680851063829788,0.8680851063829786,0.8745043373851361,0.8680851063829786,0.8680598487461937,0.9942674606845511,8.34515335299966,0.8691489361702127,0.867949073332511,-0.0010638297872339608,0.00011077541368265109
DTD,resmlp,42,0,topk_individual,siglip_base+dinov2_large+dinov2+eva02_base+dinov2_small,1880,0.8734042553191489,0.8734042553191489,0.8750885352832201,0.8734042553191489,0.8722222227256035,0.993566720629047,15.357574834999468,0.8734042553191489,0.8722222227256035,0.0,0.0
DTD,resmlp,42,1,best_homogeneous_self_supervised,siglip_base+dinov2+mae_base+dinov2_large,1880,0.8531914893617021,0.8531914893617022,0.8535334515977825,0.8531914893617022,0.8504862438877137,0.9905602451433859,11.699890767999932,0.8611702127659574,0.8595302121981067,-0.007978723404255317,-0.009043968310393002
DTD,resmlp,42,1,best_individual,siglip_base,1880,0.8414893617021276,0.8414893617021277,0.8451567263216027,0.8414893617021277,0.841310073764528,0.9904421542553193,10.197420817999955,0.8436170212765958,0.8445083236095535,-0.0021276595744681437,-0.0031982498450254804
DTD,resmlp,42,1,full_concat,convnext_v2_t+deit_s+densenet121+dinov2+dinov2_large+dinov2_small+drlbp+efficientnet_b0+eva02_base+gabor+glcm+hog+lbp+mae_base+resnet101+resnet50+siglip_base+swin_t+vgg16+vit_b16,1880,0.8659574468085106,0.8659574468085104,0.8663074494104601,0.8659574468085104,0.8643513117879478,0.9918865633672524,44.77907119299999,0.8643617021276596,0.8628856462523586,0.0015957446808509967,0.0014656655355891335
DTD,resmlp,42,1,gfs,siglip_base+dinov2+resnet50+dinov2_large+eva02_base+lbp+deit_s+gabor,1880,0.8739361702127659,0.873936170212766,0.875228048345433,0.873936170212766,0.8725499147981988,0.9919695305272895,14.160584143999984,0.8691489361702127,0.8676177034995756,0.004787234042553212,0.004932211298623201
DTD,resmlp,42,1,topk_individual,dinov2+siglip_base+dinov2_large+eva02_base+dinov2_small+convnext_v2_t+swin_t+resnet101,1880,0.8776595744680851,0.8776595744680851,0.8788033166411553,0.8776595744680851,0.8763136692897349,0.9917626907955595,10.744957862000007,0.8776595744680851,0.8763136692897349,0.0,0.0
DTD,resmlp,42,2,best_homogeneous_self_supervised,siglip_base+dinov2_large+dinov2_small+mae_base,1880,0.872872340425532,0.8728723404255319,0.8755147467340006,0.8728723404255319,0.8725705444466946,0.9931819495837189,9.706688998000004,0.8675531914893617,0.8671941503755386,0.005319148936170248,0.0053763940711559766
DTD,resmlp,42,2,best_individual,siglip_base,1880,0.8420212765957447,0.8420212765957448,0.8452852056484137,0.8420212765957448,0.8416083084780505,0.9910748149861238,6.433568925999992,0.8367021276595744,0.8366074150825067,0.005319148936170248,0.005000893395543771
DTD,resmlp,42,2,full_concat,convnext_v2_t+deit_s+densenet121+dinov2+dinov2_large+dinov2_small+drlbp+efficientnet_b0+eva02_base+gabor+glcm+hog+lbp+mae_base+resnet101+resnet50+siglip_base+swin_t+vgg16+vit_b16,1880,0.8622340425531915,0.8622340425531915,0.8655953850922654,0.8622340425531915,0.8618113481192631,0.9942686170212767,54.09017234000004,0.8627659574468085,0.8621049928015732,-0.0005319148936170359,-0.0002936446823100791
DTD,resmlp,42,2,gfs,siglip_base+dinov2_large+resnet50+lbp+eva02_base+swin_t,1880,0.8659574468085106,0.8659574468085107,0.8688540229199342,0.8659574468085107,0.8657260735654846,0.9922343316373727,18.047059220999984,0.8696808510638298,0.8701172782843075,-0.0037234042553191404,-0.0043912047188229275
DTD,resmlp,42,2,topk_individual,siglip_base+dinov2_large+dinov2+eva02_base+dinov2_small+convnext_v2_t,1880,0.8648936170212767,0.8648936170212764,0.8673305157299646,0.8648936170212764,0.8641147354591184,0.9926468547641071,16.04853737100001,0.8648936170212767,0.8641147354591184,0.0,0.0
DTD,resmlp,42,3,best_homogeneous_self_supervised,siglip_base+dinov2_large+dinov2_small+mae_base,1880,0.8654255319148936,0.8654255319148939,0.8667598279124588,0.8654255319148939,0.8644272377708425,0.9925835453283997,10.229568889000006,0.8723404255319149,0.8705744791070599,-0.006914893617021356,-0.006147241336217357
DTD,resmlp,42,3,best_individual,siglip_base,1880,0.8457446808510638,0.8457446808510638,0.8505560795362569,0.8457446808510638,0.8447464606662779,0.9917538737280296,4.581797132999952,0.8462765957446808,0.84679865134178,-0.0005319148936170359,-0.002052190675502108
DTD,resmlp,42,3,full_concat,convnext_v2_t+deit_s+densenet121+dinov2+dinov2_large+dinov2_small+drlbp+efficientnet_b0+eva02_base+gabor+glcm+hog+lbp+mae_base+resnet101+resnet50+siglip_base+swin_t+vgg16+vit_b16,1880,0.8638297872340426,0.8638297872340426,0.8635387524632481,0.8638297872340426,0.8621739472572653,0.9932721438482885,46.97987688499995,0.8718085106382979,0.8705064620268154,-0.007978723404255317,-0.008332514769550103
DTD,resmlp,42,3,gfs,siglip_base+dinov2_large+eva02_base+densenet121+resnet50+dinov2_small+lbp,1880,0.872872340425532,0.8728723404255321,0.8735907057664245,0.8728723404255321,0.8720225573456447,0.9942157146160961,19.016579922999995,0.8781914893617021,0.8779127725628006,-0.005319148936170137,-0.005890215217155936
DTD,resmlp,42,3,topk_individual,siglip_base+dinov2_large+dinov2+eva02_base+dinov2_small+convnext_v2_t+resnet101,1880,0.8739361702127659,0.8739361702127658,0.875905541674938,0.8739361702127658,0.872870172873697,0.9932863089731729,19.049929872000007,0.8739361702127659,0.872870172873697,0.0,0.0
DTD,resmlp,42,4,best_homogeneous_self_supervised,siglip_base+dinov2_large+dinov2_small,1880,0.8648936170212767,0.8648936170212765,0.8678592443949241,0.8648936170212765,0.8638589709318597,0.9924577937095286,9.80097909799997,0.8606382978723405,0.8594720852548706,0.004255319148936176,0.004386885676989083
DTD,resmlp,42,4,best_individual,siglip_base,1880,0.8446808510638298,0.8446808510638297,0.8467566782429216,0.8446808510638297,0.8433534247425193,0.990935765494912,6.718966467999962,0.8446808510638298,0.842920872801616,0.0,0.00043255194090330296
DTD,resmlp,42,4,full_concat,convnext_v2_t+deit_s+densenet121+dinov2+dinov2_large+dinov2_small+drlbp+efficientnet_b0+eva02_base+gabor+glcm+hog+lbp+mae_base+resnet101+resnet50+siglip_base+swin_t+vgg16+vit_b16,1880,0.8712765957446809,0.8712765957446809,0.871332658408451,0.8712765957446809,0.8698403036644201,0.993893963922294,28.48910370699997,0.8659574468085106,0.8642355376726556,0.005319148936170248,0.005604765991764515
DTD,resmlp,42,4,gfs,siglip_base+dinov2_large+dinov2_small+eva02_base+drlbp,1880,0.8702127659574468,0.8702127659574468,0.8723190664560384,0.8702127659574468,0.869250637386459,0.9925500115633672,12.520870668999976,0.8643617021276596,0.8629628330658107,0.005851063829787173,0.006287804320648349
DTD,resmlp,42,4,topk_individual,siglip_base+dinov2_large+dinov2+dinov2_small+eva02_base,1880,0.8664893617021276,0.8664893617021276,0.8705221681769035,0.8664893617021276,0.8650679874794384,0.9926497456059203,8.768127326000013,0.8664893617021276,0.8650679874794384,0.0,0.0
DTD,resmlp,42,5,best_homogeneous_self_supervised,siglip_base+dinov2_large+dinov2_small,1880,0.8648936170212767,0.8648936170212765,0.8684154884010666,0.8648936170212765,0.8632220551691369,0.9925763182238667,7.2943032979999884,0.8595744680851064,0.8581605906005554,0.005319148936170248,0.005061464568581475
DTD,resmlp,42,5,best_individual,siglip_base,1880,0.8351063829787234,0.8351063829787234,0.8367372675714372,0.8351063829787234,0.8334587702552165,0.9883334296947272,12.54291138100001,0.8409574468085106,0.8390150612976585,-0.005851063829787173,-0.00555629104244193
DTD,resmlp,42,5,full_concat,convnext_v2_t+deit_s+densenet121+dinov2+dinov2_large+dinov2_small+drlbp+efficientnet_b0+eva02_base+gabor+glcm+hog+lbp+mae_base+resnet101+resnet50+siglip_base+swin_t+vgg16+vit_b16,1880,0.8601063829787234,0.8601063829787233,0.8619197782488893,0.8601063829787233,0.8588180533150854,0.9929292900092507,37.91161842899993,0.8574468085106383,0.85537729072341,0.0026595744680851796,0.0034407625916754725
DTD,resmlp,42,5,gfs,siglip_base+dinov2_large+eva02_base+dinov2_small+swin_t+densenet121+convnext_v2_t,1880,0.8638297872340426,0.8638297872340426,0.8656498197097687,0.8638297872340426,0.8624993911863419,0.992789373265495,10.033040461000041,0.8707446808510638,0.8697527800631069,-0.006914893617021245,-0.007253388876764966
DTD,resmlp,42,5,topk_individual,siglip_base+dinov2_large+dinov2+eva02_base+dinov2_small+convnext_v2_t+swin_t,1880,0.8680851063829788,0.8680851063829789,0.869835253477718,0.8680851063829789,0.8670909033664213,0.9913208256244217,12.583961722999902,0.8680851063829788,0.8670909033664213,0.0,0.0
DTD,resmlp,42,6,best_homogeneous_self_supervised,siglip_base+dinov2+dinov2_large+dinov2_small,1880,0.8680851063829788,0.8680851063829789,0.8691830960314755,0.8680851063829789,0.8661486927422114,0.9919469819611472,7.527929939000046,0.8664893617021276,0.8645532525291423,0.0015957446808511078,0.0015954402130691214
DTD,resmlp,42,6,best_individual,siglip_base,1880,0.851063829787234,0.8510638297872342,0.8576828696566833,0.8510638297872342,0.8509502948501377,0.9910678769657725,4.723201789000086,0.8468085106382979,0.8459125939220944,0.004255319148936176,0.005037700928043343
DTD,resmlp,42,6,full_concat,convnext_v2_t+deit_s+densenet121+dinov2+dinov2_large+dinov2_small+drlbp+efficientnet_b0+eva02_base+gabor+glcm+hog+lbp+mae_base+resnet101+resnet50+siglip_base+swin_t+vgg16+vit_b16,1880,0.8654255319148936,0.8654255319148936,0.8684528481957022,0.8654255319148936,0.8639451405712092,0.9918351063829786,58.555168632999994,0.8691489361702127,0.8684482749235333,-0.0037234042553191404,-0.0045031343523240785
DTD,resmlp,42,6,gfs,siglip_base+dinov2+resnet50+dinov2_large+eva02_base+densenet121,1880,0.8829787234042553,0.8829787234042553,0.8838867967584182,0.8829787234042553,0.8814631735535671,0.9933840194264568,12.631189493999955,0.8840425531914894,0.8830313341248496,-0.0010638297872340718,-0.0015681605712825064
DTD,resmlp,42,6,topk_individual,siglip_base+dinov2_large+dinov2+dinov2_small+eva02_base+convnext_v2_t,1880,0.8819148936170212,0.8819148936170215,0.8836078010889094,0.8819148936170215,0.881028677567632,0.9938576838575394,9.490320609000037,0.8819148936170212,0.881028677567632,0.0,0.0
DTD,resmlp,42,7,best_homogeneous_self_supervised,siglip_base+dinov2_large+dinov2_small+mae_base,1880,0.8526595744680852,0.852659574468085,0.8521444398588438,0.852659574468085,0.8508306442031287,0.9905827937095282,16.084296261999953,0.8569148936170212,0.8552178192396458,-0.004255319148936065,-0.004387175036517088
DTD,resmlp,42,7,best_individual,siglip_base,1880,0.8367021276595744,0.8367021276595746,0.8360639924607486,0.8367021276595746,0.8346429869499467,0.9881779024051803,7.036056798999994,0.8404255319148937,0.8385386813818707,-0.0037234042553192515,-0.003895694431924057
DTD,resmlp,42,7,full_concat,convnext_v2_t+deit_s+densenet121+dinov2+dinov2_large+dinov2_small+drlbp+efficientnet_b0+eva02_base+gabor+glcm+hog+lbp+mae_base+resnet101+resnet50+siglip_base+swin_t+vgg16+vit_b16,1880,0.8393617021276596,0.8393617021276596,0.8382499859537376,0.8393617021276596,0.8366153077990035,0.9909444380203516,53.11027938500001,0.8430851063829787,0.8406289663219472,-0.0037234042553191404,-0.004013658522943664
DTD,resmlp,42,7,gfs,siglip_base+dinov2_large+eva02_base+dinov2_small+swin_t+glcm+vit_b16,1880,0.8457446808510638,0.8457446808510638,0.8460617551558355,0.8457446808510638,0.8433051892789962,0.9910031221091582,8.502540257999954,0.8531914893617021,0.8512886544377756,-0.007446808510638281,-0.007983465158779346
DTD,resmlp,42,7,topk_individual,siglip_base+dinov2_large+dinov2+dinov2_small+eva02_base+convnext_v2_t+resnet101,1880,0.8617021276595744,0.8617021276595743,0.8621463482856526,0.8617021276595743,0.8591910045708782,0.9908655180388527,19.174163905,0.8617021276595744,0.8591910045708782,0.0,0.0
DTD,resmlp,42,8,best_homogeneous_self_supervised,siglip_base+dinov2_large+dinov2_small,1880,0.8622340425531915,0.8622340425531915,0.8649406046311446,0.8622340425531915,0.8614122700819112,0.9923123843663277,13.534039947999986,0.8643617021276596,0.863390352197988,-0.0021276595744681437,-0.0019780821160767514
DTD,resmlp,42,8,best_individual,siglip_base,1880,0.8329787234042553,0.8329787234042553,0.8308983019806107,0.8329787234042553,0.8290635022697714,0.990969588344126,5.807947098,0.825531914893617,0.8265186595220868,0.007446808510638281,0.002544842747684628
DTD,resmlp,42,8,full_concat,convnext_v2_t+deit_s+densenet121+dinov2+dinov2_large+dinov2_small+drlbp+efficientnet_b0+eva02_base+gabor+glcm+hog+lbp+mae_base+resnet101+resnet50+siglip_base+swin_t+vgg16+vit_b16,1880,0.8638297872340426,0.8638297872340425,0.8662037543821312,0.8638297872340425,0.863216733329846,0.9931978492136909,42.608729883000024,0.8611702127659574,0.8598254552460013,0.0026595744680851796,0.003391278083844762
DTD,resmlp,42,8,gfs,siglip_base+dinov2_large+resnet50+drlbp,1880,0.8622340425531915,0.8622340425531918,0.8637447348967966,0.8622340425531918,0.8612582055901554,0.9923505434782607,13.382718755000042,0.8611702127659574,0.8603552990070068,0.0010638297872340718,0.0009029065831486216
DTD,resmlp,42,8,topk_individual,siglip_base+dinov2_large+dinov2+dinov2_small,1880,0.8553191489361702,0.85531914893617,0.8576357375580794,0.85531914893617,0.854398472003442,0.9906187846901017,8.177677149999909,0.8553191489361702,0.854398472003442,0.0,0.0
DTD,resmlp,42,9,best_homogeneous_self_supervised,siglip_base+dinov2_large+dinov2_small,1880,0.8526595744680852,0.8526595744680853,0.8561169648074065,0.8526595744680853,0.8501501231834993,0.991083487511563,7.405893642000024,0.8526595744680852,0.8497530184787587,0.0,0.00039710470474052517
DTD,resmlp,42,9,best_individual,siglip_base,1880,0.825531914893617,0.825531914893617,0.8223959101153503,0.825531914893617,0.8212726786420825,0.9905027173913045,5.362019518000011,0.8223404255319149,0.8189454650782171,0.0031914893617021045,0.002327213563865449
DTD,resmlp,42,9,full_concat,convnext_v2_t+deit_s+densenet121+dinov2+dinov2_large+dinov2_small+drlbp+efficientnet_b0+eva02_base+gabor+glcm+hog+lbp+mae_base+resnet101+resnet50+siglip_base+swin_t+vgg16+vit_b16,1880,0.8563829787234043,0.8563829787234041,0.8576187871691248,0.8563829787234041,0.8533189684177036,0.9913607192414431,33.34472692300005,0.8569148936170212,0.8537955128858922,-0.0005319148936169249,-0.00047654446818856666
DTD,resmlp,42,9,gfs,siglip_base+dinov2_large+eva02_base+densenet121,1880,0.8553191489361702,0.8553191489361702,0.8569914661703966,0.8553191489361702,0.8538504125414581,0.9925754509713229,9.973497666999947,0.8590425531914894,0.857447241085092,-0.0037234042553191404,-0.0035968285436338565
DTD,resmlp,42,9,topk_individual,siglip_base+dinov2_large+dinov2+dinov2_small,1880,0.8526595744680852,0.8526595744680852,0.8530749632492934,0.8526595744680852,0.8497417914447667,0.9907897779833489,12.793034229,0.8526595744680852,0.8497417914447667,0.0,0.0
DTD,svm,42,0,best_homogeneous_self_supervised,siglip_base+dinov2_large+dinov2_small+mae_base,1880,0.8659574468085106,0.8659574468085107,0.8675695432926835,0.8659574468085107,0.8643807002996545,0.9935615171137834,16.653710391000004,0.8659574468085106,0.8643807002996545,0.0,0.0
DTD,svm,42,0,best_individual,siglip_base,1880,0.8425531914893617,0.8425531914893617,0.8422049120046053,0.8425531914893617,0.8401804503479369,0.9925147432932471,4.0676718700000265,0.8425531914893617,0.8401804503479369,0.0,0.0
DTD,svm,42,0,full_concat,convnext_v2_t+deit_s+densenet121+dinov2+dinov2_large+dinov2_small+drlbp+efficientnet_b0+eva02_base+gabor+glcm+hog+lbp+mae_base+resnet101+resnet50+siglip_base+swin_t+vgg16+vit_b16,1880,0.8707446808510638,0.8707446808510638,0.8733221502616442,0.8707446808510638,0.8693950863339188,0.9938977220166513,62.970863742999995,0.8707446808510638,0.8693950863339188,0.0,0.0
DTD,svm,42,0,gfs,siglip_base+dinov2_large+eva02_base+densenet121+dinov2,1880,0.8819148936170212,0.8819148936170214,0.8828039243397765,0.8819148936170214,0.8806984863760254,0.9938462650323775,11.504050511999935,0.8819148936170212,0.8806984863760254,0.0,0.0
DTD,svm,42,0,topk_individual,siglip_base+dinov2_large+dinov2+eva02_base+dinov2_small,1880,0.8734042553191489,0.8734042553191489,0.8748952144710064,0.8734042553191489,0.8719645769447979,0.9939890726179466,20.66280502199993,0.8734042553191489,0.8719645769447979,0.0,0.0
DTD,svm,42,1,best_homogeneous_self_supervised,siglip_base+dinov2_large+dinov2+mae_base,1880,0.8606382978723405,0.8606382978723405,0.8599323239830107,0.8606382978723405,0.8585986869072791,0.9914905180388528,19.002439515999868,0.8606382978723405,0.8585986869072791,0.0,0.0
DTD,svm,42,1,best_individual,siglip_base,1880,0.85,0.8500000000000001,0.851134615644448,0.8500000000000001,0.8482174614162562,0.9918596785383903,3.9162363630000527,0.85,0.8482174614162562,0.0,0.0
DTD,svm,42,1,full_concat,convnext_v2_t+deit_s+densenet121+dinov2+dinov2_large+dinov2_small+drlbp+efficientnet_b0+eva02_base+gabor+glcm+hog+lbp+mae_base+resnet101+resnet50+siglip_base+swin_t+vgg16+vit_b16,1880,0.8723404255319149,0.8723404255319147,0.8737395967922702,0.8723404255319147,0.8711173104545613,0.9919984389454211,62.06354252599999,0.8723404255319149,0.8711173104545613,0.0,0.0
DTD,svm,42,1,gfs,siglip_base+dinov2_large+eva02_base+dinov2+convnext_v2_t+mae_base,1880,0.8638297872340426,0.8638297872340426,0.8659745298329599,0.8638297872340426,0.8627112503680314,0.9916168478260871,14.304107898999973,0.8638297872340426,0.8627112503680314,0.0,0.0
DTD,svm,42,1,topk_individual,siglip_base+dinov2_large+dinov2+eva02_base+dinov2_small+convnext_v2_t,1880,0.8675531914893617,0.8675531914893617,0.8689446966906791,0.8675531914893617,0.8661630052982027,0.9918394426456985,12.469961602000012,0.8675531914893617,0.8661630052982027,0.0,0.0
DTD,svm,42,2,best_homogeneous_self_supervised,siglip_base+dinov2_large,1880,0.8654255319148936,0.8654255319148937,0.8677037886647851,0.8654255319148937,0.8645328946407714,0.9932313829787234,10.305881142999851,0.8654255319148936,0.8645328946407714,0.0,0.0
DTD,svm,42,2,best_individual,siglip_base,1880,0.8452127659574468,0.8452127659574467,0.8463156546466543,0.8452127659574467,0.8436546470542189,0.993279949121184,4.037952498000095,0.8452127659574468,0.8436546470542189,0.0,0.0
DTD,svm,42,2,full_concat,convnext_v2_t+deit_s+densenet121+dinov2+dinov2_large+dinov2_small+drlbp+efficientnet_b0+eva02_base+gabor+glcm+hog+lbp+mae_base+resnet101+resnet50+siglip_base+swin_t+vgg16+vit_b16,1880,0.8638297872340426,0.8638297872340426,0.8656097493366816,0.8638297872340426,0.8631312616248883,0.9927436979648473,65.90870408399996,0.8638297872340426,0.8631312616248883,0.0,0.0
DTD,svm,42,2,gfs,siglip_base+dinov2_large+eva02_base+resnet50+efficientnet_b0+dinov2,1880,0.8723404255319149,0.872340425531915,0.8730330962472775,0.872340425531915,0.8713991601892999,0.9929712072155413,15.246124834000057,0.8723404255319149,0.8713991601892999,0.0,0.0
DTD,svm,42,2,topk_individual,siglip_base+dinov2_large+dinov2+eva02_base+dinov2_small+convnext_v2_t,1880,0.8734042553191489,0.8734042553191492,0.8743367705839327,0.8734042553191492,0.872349234898142,0.9927113205365401,12.278835958999935,0.8734042553191489,0.872349234898142,0.0,0.0
DTD,svm,42,3,best_homogeneous_self_supervised,siglip_base+dinov2_large,1880,0.8648936170212767,0.8648936170212765,0.8663148373710258,0.8648936170212765,0.8624302868825315,0.9928506591119334,9.397862833999852,0.8648936170212767,0.8624302868825315,0.0,0.0
DTD,svm,42,3,best_individual,siglip_base,1880,0.8542553191489362,0.8542553191489362,0.8542546838506435,0.8542553191489362,0.8511027603772083,0.9924135638297873,3.944947639999782,0.8542553191489362,0.8511027603772083,0.0,0.0
DTD,svm,42,3,full_concat,convnext_v2_t+deit_s+densenet121+dinov2+dinov2_large+dinov2_small+drlbp+efficientnet_b0+eva02_base+gabor+glcm+hog+lbp+mae_base+resnet101+resnet50+siglip_base+swin_t+vgg16+vit_b16,1880,0.872872340425532,0.8728723404255322,0.8745401288793636,0.8728723404255322,0.8719420644253062,0.9929266882516188,57.052085642000065,0.872872340425532,0.8719420644253062,0.0,0.0
DTD,svm,42,3,gfs,siglip_base+dinov2_large+eva02_base+densenet121+dinov2_small+mae_base,1880,0.8792553191489362,0.8792553191489362,0.8804267540841153,0.8792553191489362,0.8781074965106591,0.9937499999999998,12.802420151999968,0.8792553191489362,0.8781074965106591,0.0,0.0
DTD,svm,42,3,topk_individual,siglip_base+dinov2_large+dinov2+eva02_base+dinov2_small+convnext_v2_t,1880,0.875,0.8750000000000001,0.8770685163473718,0.8750000000000001,0.8742161644009503,0.993116616558742,11.523665829000038,0.875,0.8742161644009503,0.0,0.0
DTD,svm,42,4,best_homogeneous_self_supervised,siglip_base+dinov2_large+dinov2_small+mae_base,1880,0.8718085106382979,0.871808510638298,0.8720817112235263,0.871808510638298,0.8702228640676549,0.9921253469010176,15.644826328999898,0.8718085106382979,0.8702228640676549,0.0,0.0
DTD,svm,42,4,best_individual,siglip_base,1880,0.85,0.8499999999999999,0.8513939576904912,0.8499999999999999,0.8481253041000519,0.9908525092506935,3.645089139999982,0.85,0.8481253041000519,0.0,0.0
DTD,svm,42,4,full_concat,convnext_v2_t+deit_s+densenet121+dinov2+dinov2_large+dinov2_small+drlbp+efficientnet_b0+eva02_base+gabor+glcm+hog+lbp+mae_base+resnet101+resnet50+siglip_base+swin_t+vgg16+vit_b16,1880,0.872872340425532,0.8728723404255319,0.8737897576261259,0.8728723404255319,0.871491547183983,0.9925615749306198,61.982480598000166,0.872872340425532,0.871491547183983,0.0,0.0
DTD,svm,42,4,gfs,siglip_base+dinov2_large+eva02_base+efficientnet_b0+glcm,1880,0.875531914893617,0.8755319148936168,0.875607603978278,0.8755319148936168,0.8736016973754247,0.9922826086956522,11.156698903999995,0.875531914893617,0.8736016973754247,0.0,0.0
DTD,svm,42,4,topk_individual,siglip_base+dinov2_large+dinov2+eva02_base+dinov2_small,1880,0.8739361702127659,0.8739361702127658,0.8751118186288869,0.8739361702127658,0.8726014787301294,0.9928951780758557,19.69799624999996,0.8739361702127659,0.8726014787301294,0.0,0.0
DTD,svm,42,5,best_homogeneous_self_supervised,siglip_base+dinov2_large+dinov2_small,1880,0.8627659574468085,0.8627659574468086,0.864324696867648,0.8627659574468086,0.8615660592728837,0.9915223172987973,10.791953410999895,0.8627659574468085,0.8615660592728837,0.0,0.0
DTD,svm,42,5,best_individual,siglip_base,1880,0.8468085106382979,0.8468085106382978,0.8467717084748461,0.8468085106382978,0.8439604250914322,0.9921450046253469,3.8256644269999924,0.8468085106382979,0.8439604250914322,0.0,0.0
DTD,svm,42,5,full_concat,convnext_v2_t+deit_s+densenet121+dinov2+dinov2_large+dinov2_small+drlbp+efficientnet_b0+eva02_base+gabor+glcm+hog+lbp+mae_base+resnet101+resnet50+siglip_base+swin_t+vgg16+vit_b16,1880,0.8638297872340426,0.8638297872340426,0.8651495593942524,0.8638297872340426,0.8621465473064498,0.9924207909343201,60.60597320200009,0.8638297872340426,0.8621465473064498,0.0,0.0
DTD,svm,42,5,gfs,siglip_base+dinov2_large+resnet50+eva02_base+vit_b16+glcm,1880,0.8702127659574468,0.8702127659574468,0.8725363792800556,0.8702127659574468,0.8696103782207478,0.9920897895467161,12.161643063999918,0.8702127659574468,0.8696103782207478,0.0,0.0
DTD,svm,42,5,topk_individual,siglip_base+dinov2+dinov2_large+eva02_base+dinov2_small+convnext_v2_t,1880,0.8686170212765958,0.8686170212765957,0.8695839922168942,0.8686170212765957,0.8674536486498909,0.9915590309898242,12.144735648999813,0.8686170212765958,0.8674536486498909,0.0,0.0
DTD,svm,42,6,best_homogeneous_self_supervised,siglip_base+dinov2_large+dinov2_small+mae_base,1880,0.875,0.8750000000000001,0.8752243309904515,0.8750000000000001,0.8737821754153502,0.9924890148011103,15.902903354000046,0.875,0.8737821754153502,0.0,0.0
DTD,svm,42,6,best_individual,siglip_base,1880,0.8611702127659574,0.8611702127659575,0.8620022929321395,0.8611702127659575,0.8595923890867194,0.9928208834412581,3.8920471110000108,0.8611702127659574,0.8595923890867194,0.0,0.0
DTD,svm,42,6,full_concat,convnext_v2_t+deit_s+densenet121+dinov2+dinov2_large+dinov2_small+drlbp+efficientnet_b0+eva02_base+gabor+glcm+hog+lbp+mae_base+resnet101+resnet50+siglip_base+swin_t+vgg16+vit_b16,1880,0.8691489361702127,0.8691489361702126,0.8710998288962662,0.8691489361702126,0.8676913302231634,0.992342160037003,63.78803826500007,0.8691489361702127,0.8676913302231634,0.0,0.0
DTD,svm,42,6,gfs,siglip_base+dinov2_large+eva02_base+efficientnet_b0+resnet101+lbp+drlbp,1880,0.8824468085106383,0.8824468085106385,0.8835527995969027,0.8824468085106385,0.8810232775698907,0.9927179694727105,15.827561002000039,0.8824468085106383,0.8810232775698907,0.0,0.0
DTD,svm,42,6,topk_individual,siglip_base+dinov2_large+dinov2+eva02_base+dinov2_small+convnext_v2_t+swin_t,1880,0.8808510638297873,0.8808510638297875,0.8822448455281475,0.8808510638297875,0.8797972232046596,0.9921406683626273,14.649158955000075,0.8808510638297873,0.8797972232046596,0.0,0.0
DTD,svm,42,7,best_homogeneous_self_supervised,dinov2_large+siglip_base+dinov2_small+dinov2+mae_base,1880,0.847872340425532,0.8478723404255321,0.848353152984763,0.8478723404255321,0.8456307266874127,0.9910915818686402,20.08192492499984,0.847872340425532,0.8456307266874127,0.0,0.0
DTD,svm,42,7,best_individual,dinov2_large,1880,0.8292553191489361,0.8292553191489362,0.8293472835520619,0.8292553191489362,0.8262642732597907,0.9875335337650322,5.664920616000018,0.8292553191489361,0.8262642732597907,0.0,0.0
DTD,svm,42,7,full_concat,convnext_v2_t+deit_s+densenet121+dinov2+dinov2_large+dinov2_small+drlbp+efficientnet_b0+eva02_base+gabor+glcm+hog+lbp+mae_base+resnet101+resnet50+siglip_base+swin_t+vgg16+vit_b16,1880,0.85,0.8499999999999999,0.8500943062165417,0.8499999999999999,0.8476694866367165,0.9913378815911195,61.61693008199995,0.85,0.8476694866367165,0.0,0.0
DTD,svm,42,7,gfs,dinov2_large+eva02_base+dinov2_small+siglip_base+resnet50+vit_b16+dinov2+drlbp,1880,0.8531914893617021,0.8531914893617023,0.8535564093922232,0.8531914893617023,0.8512089928576037,0.9916567414431081,15.931990830999894,0.8531914893617021,0.8512089928576037,0.0,0.0
DTD,svm,42,7,topk_individual,dinov2_large+siglip_base+dinov2+eva02_base+dinov2_small+convnext_v2_t+swin_t+resnet50,1880,0.8531914893617021,0.853191489361702,0.8536348756506137,0.853191489361702,0.8510290701516919,0.9911294518963922,17.754496381999843,0.8531914893617021,0.8510290701516919,0.0,0.0
DTD,svm,42,8,best_homogeneous_self_supervised,siglip_base+dinov2,1880,0.8542553191489362,0.8542553191489362,0.8543501115268868,0.8542553191489362,0.8524809647874374,0.990318859851989,7.995692407999968,0.8542553191489362,0.8524809647874374,0.0,0.0
DTD,svm,42,8,best_individual,siglip_base,1880,0.8425531914893617,0.8425531914893617,0.8436636499987137,0.8425531914893617,0.8411609583296416,0.9910736586493988,3.8812557500000366,0.8425531914893617,0.8411609583296416,0.0,0.0
DTD,svm,42,8,full_concat,convnext_v2_t+deit_s+densenet121+dinov2+dinov2_large+dinov2_small+drlbp+efficientnet_b0+eva02_base+gabor+glcm+hog+lbp+mae_base+resnet101+resnet50+siglip_base+swin_t+vgg16+vit_b16,1880,0.8664893617021276,0.8664893617021279,0.8682933124767779,0.8664893617021279,0.8659649197629143,0.99202908186864,58.98782231500013,0.8664893617021276,0.8659649197629143,0.0,0.0
DTD,svm,42,8,gfs,siglip_base+dinov2+eva02_base+efficientnet_b0+dinov2_large+resnet50+vgg16+gabor,1880,0.8654255319148936,0.8654255319148937,0.8661669776230865,0.8654255319148937,0.8643892000485681,0.9921935707678075,19.450839536000103,0.8654255319148936,0.8643892000485681,0.0,0.0
DTD,svm,42,8,topk_individual,siglip_base+dinov2+dinov2_large+eva02_base+dinov2_small+convnext_v2_t+swin_t+resnet101,1880,0.8691489361702127,0.8691489361702128,0.86929869054174,0.8691489361702128,0.8679101096038901,0.990605631359852,18.19693773599988,0.8691489361702127,0.8679101096038901,0.0,0.0
DTD,svm,42,9,best_homogeneous_self_supervised,dinov2_large+siglip_base+mae_base,1880,0.8542553191489362,0.8542553191489362,0.8553660095800099,0.8542553191489362,0.8525730185467245,0.9908380550416279,14.332332802999872,0.8542553191489362,0.8525730185467245,0.0,0.0
DTD,svm,42,9,best_individual,dinov2_large,1880,0.826063829787234,0.8260638297872339,0.8258578466316717,0.8260638297872339,0.8234893075360027,0.985992715078631,5.976575250999986,0.826063829787234,0.8234893075360027,0.0,0.0
DTD,svm,42,9,full_concat,convnext_v2_t+deit_s+densenet121+dinov2+dinov2_large+dinov2_small+drlbp+efficientnet_b0+eva02_base+gabor+glcm+hog+lbp+mae_base+resnet101+resnet50+siglip_base+swin_t+vgg16+vit_b16,1880,0.8606382978723405,0.8606382978723405,0.8593691792155307,0.8606382978723405,0.8576117074512438,0.9912537580943571,60.85536941300006,0.8606382978723405,0.8576117074512438,0.0,0.0
DTD,svm,42,9,gfs,dinov2_large+siglip_base+eva02_base+gabor,1880,0.8632978723404255,0.8632978723404254,0.8631308834370303,0.8632978723404254,0.8613611623891602,0.991402925531915,13.229713753999931,0.8632978723404255,0.8613611623891602,0.0,0.0
DTD,svm,42,9,topk_individual,dinov2_large+siglip_base+dinov2+eva02_base,1880,0.8622340425531915,0.8622340425531915,0.8620681348472211,0.8622340425531915,0.8604397863904593,0.9909187095282146,16.752242066000008,0.8622340425531915,0.8604397863904593,0.0,0.0
FMD,resmlp,42,0,best_homogeneous_self_supervised,siglip_base+dinov2_large+mae_base,200,0.945,0.945,0.9467294388804686,0.945,0.9445132848264471,0.9968888888888889,3.2075826340001186,0.95,0.949503410233774,-0.0050000000000000044,-0.004990125407326906
FMD,resmlp,42,0,best_individual,siglip_base,200,0.945,0.945,0.9478935976304397,0.945,0.9448924279412084,0.9973055555555556,2.9291448729998137,0.945,0.9447274364013176,0.0,0.00016499153989080195
FMD,resmlp,42,0,full_concat,convnext_v2_t+deit_s+densenet121+dinov2+dinov2_large+dinov2_small+drlbp+efficientnet_b0+eva02_base+gabor+glcm+hog+lbp+mae_base+resnet101+resnet50+siglip_base+swin_t+vgg16+vit_b16,200,0.93,0.93,0.9359437042967802,0.93,0.9300849598901662,0.9889166666666667,13.896136017000117,0.94,0.9398120748804392,-0.009999999999999898,-0.009727114990273011
FMD,resmlp,42,0,gfs,siglip_base+dinov2_large+mae_base,200,0.945,0.945,0.9467294388804686,0.945,0.9445132848264471,0.9968888888888889,2.953942556999891,0.95,0.949503410233774,-0.0050000000000000044,-0.004990125407326906
FMD,resmlp,42,0,topk_individual,siglip_base+eva02_base+dinov2,200,0.945,0.945,0.9474063947748158,0.945,0.9446283296090741,0.9978055555555556,2.557936350000091,0.945,0.944628329609074,0.0,1.1102230246251565e-16
FMD,resmlp,42,1,best_homogeneous_self_supervised,siglip_base+dinov2_large,200,0.99,0.99,0.9902380952380951,0.99,0.9899968730456535,0.9999722222222222,2.8122477980002714,0.99,0.9898587933247752,0.0,0.00013807972087831466
FMD,resmlp,42,1,best_individual,siglip_base,200,0.975,0.975,0.9754761904761903,0.975,0.9748587933247752,0.9997777777777779,3.0615426849999494,0.975,0.9748587933247752,0.0,0.0
FMD,resmlp,42,1,full_concat,convnext_v2_t+deit_s+densenet121+dinov2+dinov2_large+dinov2_small+drlbp+efficientnet_b0+eva02_base+gabor+glcm+hog+lbp+mae_base+resnet101+resnet50+siglip_base+swin_t+vgg16+vit_b16,200,0.975,0.9749999999999999,0.9757142857142856,0.9749999999999999,0.9749906191369606,0.999,13.960070187000383,0.975,0.9750906346541776,0.0,-0.0001000155172169448
FMD,resmlp,42,1,gfs,siglip_base+dinov2_large,200,0.99,0.99,0.9902380952380951,0.99,0.9899968730456535,0.9999722222222222,2.9863500139999815,0.99,0.9898587933247752,0.0,0.00013807972087831466
FMD,resmlp,42,1,topk_individual,siglip_base+eva02_base,200,0.995,0.9949999999999999,0.9952380952380953,0.9949999999999999,0.9949968730456537,0.9999722222222223,2.964048531000117,0.995,0.9949968730456537,0.0,0.0
FMD,resmlp,42,2,best_homogeneous_self_supervised,siglip_base+dinov2+mae_base+dinov2_small,200,0.965,0.9649999999999999,0.9666233766233766,0.9649999999999999,0.964965556480319,0.9995555555555555,3.5231091239998023,0.975,0.974987492182614,-0.010000000000000009,-0.010021935702295037
FMD,resmlp,42,2,best_individual,siglip_base,200,0.97,0.97,0.9721946169772255,0.97,0.9701928684007676,0.9980277777777777,3.4105478579999726,0.975,0.9751067631555436,-0.0050000000000000044,-0.004913894754775994
FMD,resmlp,42,2,full_concat,convnext_v2_t+deit_s+densenet121+dinov2+dinov2_large+dinov2_small+drlbp+efficientnet_b0+eva02_base+gabor+glcm+hog+lbp+mae_base+resnet101+resnet50+siglip_base+swin_t+vgg16+vit_b16,200,0.945,0.945,0.9469845067213489,0.945,0.9450633854805872,0.99825,15.3136995939999,0.945,0.9452615673526502,0.0,-0.00019818187206299687
FMD,resmlp,42,2,gfs,siglip_base+eva02_base+dinov2_large+drlbp+hog,200,0.98,0.9799999999999999,0.9807142857142856,0.9799999999999999,0.9799906191369606,0.9996388888888887,5.290807573000166,0.98,0.9799906191369606,0.0,0.0
FMD,resmlp,42,2,topk_individual,siglip_base+eva02_base+dinov2+dinov2_large+dinov2_small,200,0.975,0.975,0.976190476190476,0.975,0.9751094434021264,0.9997222222222222,2.870053778000056,0.975,0.9751094434021264,0.0,0.0
FMD,resmlp,42,3,best_homogeneous_self_supervised,siglip_base+dinov2_large,200,0.995,0.9949999999999999,0.9952380952380953,0.9949999999999999,0.9949968730456537,0.9999166666666668,2.470511932000136,0.99,0.99010989010989,0.0050000000000000044,0.004886982935763617
FMD,resmlp,42,3,best_individual,siglip_base,200,0.985,0.985,0.9857142857142858,0.985,0.9849906191369605,0.9986944444444446,2.516172403999917,0.98,0.9801036362011972,0.0050000000000000044,0.004886982935763284
FMD,resmlp,42,3,full_concat,convnext_v2_t+deit_s+densenet121+dinov2+dinov2_large+dinov2_small+drlbp+efficientnet_b0+eva02_base+gabor+glcm+hog+lbp+mae_base+resnet101+resnet50+siglip_base+swin_t+vgg16+vit_b16,200,0.975,0.975,0.9758840282524492,0.975,0.9749785580273386,0.9997499999999999,12.443118819999654,0.975,0.974727461242224,0.0,0.00025109678511459066
FMD,resmlp,42,3,gfs,siglip_base+dinov2_large+eva02_base+drlbp+lbp+gabor+mae_base,200,1.0,1.0,1.0,1.0,1.0,1.0,3.945031570000083,0.99,0.9899937460913072,0.010000000000000009,0.010006253908692808
FMD,resmlp,42,3,topk_individual,siglip_base+eva02_base+dinov2_large+dinov2+dinov2_small+convnext_v2_t+vit_b16,200,1.0,1.0,1.0,1.0,1.0,1.0,3.6496422469999743,1.0,1.0,0.0,0.0
FMD,resmlp,42,4,best_homogeneous_self_supervised,siglip_base+dinov2_large+dinov2_small,200,0.97,0.9700000000000001,0.9721946169772255,0.9700000000000001,0.9701928684007676,0.9997222222222224,3.0092904349999117,0.965,0.9653765212109244,0.0050000000000000044,0.00481634718984314
FMD,resmlp,42,4,best_individual,siglip_base,200,0.96,0.96,0.9621946169772257,0.96,0.959912020751499,0.999388888888889,2.9055547770003614,0.965,0.9652099056271072,-0.0050000000000000044,-0.0052978848756082275
FMD,resmlp,42,4,full_concat,convnext_v2_t+deit_s+densenet121+dinov2+dinov2_large+dinov2_small+drlbp+efficientnet_b0+eva02_base+gabor+glcm+hog+lbp+mae_base+resnet101+resnet50+siglip_base+swin_t+vgg16+vit_b16,200,0.955,0.9549999999999998,0.9587844611528823,0.9549999999999998,0.9553702673022313,0.9971111111111112,11.76514695800006,0.95,0.9507890896722732,0.0050000000000000044,0.004581177629958133
FMD,resmlp,42,4,gfs,siglip_base+dinov2_large+dinov2_small+efficientnet_b0,200,0.97,0.9700000000000001,0.9718181818181819,0.9700000000000001,0.9700848274532484,0.9995555555555555,3.2733883629998672,0.97,0.9701067631555436,0.0,-2.1935702295139414e-05
FMD,resmlp,42,4,topk_individual,siglip_base+eva02_base+dinov2_large+dinov2,200,0.965,0.9649999999999999,0.9666017316017316,0.9649999999999999,0.9653448583936388,0.9995277777777778,3.1918949509999948,0.965,0.9653448583936388,0.0,0.0
FMD,resmlp,123,0,best_homogeneous_self_supervised,siglip_base+dinov2_large+dinov2,200,0.98,0.9800000000000001,0.9813852813852815,0.9800000000000001,0.9799686834346655,0.9992777777777778,2.5611881660001927,0.98,0.9799686834346656,0.0,-1.1102230246251565e-16
FMD,resmlp,123,0,best_individual,siglip_base,200,0.965,0.9649999999999999,0.9663852813852813,0.9649999999999999,0.9649686834346654,0.9978888888888889,2.8064435359997333,0.965,0.9649686834346654,0.0,0.0
FMD,resmlp,123,0,full_concat,convnext_v2_t+deit_s+densenet121+dinov2+dinov2_large+dinov2_small+drlbp+efficientnet_b0+eva02_base+gabor+glcm+hog+lbp+mae_base+resnet101+resnet50+siglip_base+swin_t+vgg16+vit_b16,200,0.97,0.97,0.9721695543205839,0.97,0.9700615363182161,0.9982222222222223,13.59119151799996,0.97,0.9701897414464212,0.0,-0.00012820512820510555
FMD,resmlp,123,0,gfs,siglip_base+dinov2_large+hog+eva02_base+gabor,200,0.985,0.985,0.9861471861471862,0.985,0.9851067631555438,0.99925,4.5768141660000765,0.98,0.9799718103890118,0.0050000000000000044,0.005134952766531975
FMD,resmlp,123,0,topk_individual,siglip_base+dinov2_large+eva02_base+dinov2+dinov2_small,200,0.975,0.975,0.9754511278195489,0.975,0.9748624140087554,0.9986666666666668,3.0358570809999037,0.975,0.9748624140087554,0.0,0.0
FMD,resmlp,123,1,best_homogeneous_self_supervised,siglip_base+dinov2_large,200,0.985,0.985,0.9854761904761904,0.985,0.984993746091307,0.9998333333333334,2.8308271530004276,0.985,0.9849937460913072,0.0,-2.220446049250313e-16
FMD,resmlp,123,1,best_individual,siglip_base,200,0.98,0.9799999999999999,0.9802380952380952,0.9799999999999999,0.9799968730456536,0.9998055555555556,3.001793524999812,0.98,0.9799968730456534,0.0,2.220446049250313e-16
FMD,resmlp,123,1,full_concat,convnext_v2_t+deit_s+densenet121+dinov2+dinov2_large+dinov2_small+drlbp+efficientnet_b0+eva02_base+gabor+glcm+hog+lbp+mae_base+resnet101+resnet50+siglip_base+swin_t+vgg16+vit_b16,200,0.955,0.9549999999999998,0.957670807453416,0.9549999999999998,0.9550308450166647,0.9986666666666666,13.01983369799973,0.95,0.9499203296429914,0.0050000000000000044,0.005110515373673241
FMD,resmlp,123,1,gfs,siglip_base+dinov2_large,200,0.985,0.985,0.9854761904761904,0.985,0.984993746091307,0.9998333333333334,2.8423699149998356,0.985,0.9849937460913072,0.0,-2.220446049250313e-16
FMD,resmlp,123,1,topk_individual,siglip_base+eva02_base,200,0.985,0.985,0.9854761904761904,0.985,0.9849937460913072,0.9995833333333334,2.6240773340000487,0.985,0.9849937460913072,0.0,0.0
FMD,resmlp,123,2,best_homogeneous_self_supervised,siglip_base+dinov2_large,200,0.99,0.99,0.990909090909091,0.99,0.9899749373433584,0.9998055555555556,2.3991443990003063,0.985,0.984971810389012,0.0050000000000000044,0.005003126954346349
FMD,resmlp,123,2,best_individual,siglip_base,200,0.975,0.975,0.9763852813852815,0.975,0.9749686834346655,0.9998333333333334,3.0462026320001314,0.97,0.9700848274532484,0.0050000000000000044,0.004883855981417051
FMD,resmlp,123,2,full_concat,convnext_v2_t+deit_s+densenet121+dinov2+dinov2_large+dinov2_small+drlbp+efficientnet_b0+eva02_base+gabor+glcm+hog+lbp+mae_base+resnet101+resnet50+siglip_base+swin_t+vgg16+vit_b16,200,0.98,0.9799999999999999,0.9813852813852814,0.9799999999999999,0.9799686834346655,0.99975,14.04004070899964,0.98,0.9799686834346656,0.0,-1.1102230246251565e-16
FMD,resmlp,123,2,gfs,siglip_base+dinov2_large+lbp+eva02_base+hog+gabor,200,0.985,0.985,0.9861471861471862,0.985,0.9849718103890119,0.9998611111111112,4.7399437960002615,0.985,0.984971810389012,0.0,-1.1102230246251565e-16
FMD,resmlp,123,2,topk_individual,siglip_base+dinov2_large+eva02_base+dinov2+dinov2_small+convnext_v2_t,200,0.985,0.985,0.9861471861471862,0.985,0.9849718103890119,0.9998333333333334,3.0908400210000764,0.985,0.984971810389012,0.0,-1.1102230246251565e-16
FMD,resmlp,123,3,best_homogeneous_self_supervised,siglip_base+dinov2_large,200,0.96,0.96,0.9602648332060095,0.96,0.9592855573343378,0.9983333333333334,2.6804702270001144,0.965,0.9648503528991336,-0.0050000000000000044,-0.0055647955647957215
FMD,resmlp,123,3,best_individual,siglip_base,200,0.945,0.945,0.9486953384779472,0.945,0.9447206887629911,0.9960555555555557,3.1182919050002056,0.945,0.9448287297105102,0.0,-0.00010804094751915017
FMD,resmlp,123,3,full_concat,convnext_v2_t+deit_s+densenet121+dinov2+dinov2_large+dinov2_small+drlbp+efficientnet_b0+eva02_base+gabor+glcm+hog+lbp+mae_base+resnet101+resnet50+siglip_base+swin_t+vgg16+vit_b16,200,0.92,0.9200000000000002,0.9273716153127918,0.9200000000000002,0.9202592591424427,0.9970555555555556,13.033664327999759,0.93,0.930664911737915,-0.010000000000000009,-0.010405652595472326
FMD,resmlp,123,3,gfs,siglip_base+dinov2_large+eva02_base+gabor,200,0.96,0.9599999999999997,0.963078645229675,0.9599999999999997,0.9601615518354331,0.9980555555555556,3.04205349699987,0.955,0.9547556260123058,0.0050000000000000044,0.005405925823127267
FMD,resmlp,123,3,topk_individual,siglip_base+eva02_base+dinov2+dinov2_large,200,0.965,0.9650000000000001,0.9667931191615402,0.9650000000000001,0.9648185426041651,0.9984444444444446,2.7937088690000564,0.965,0.9648185426041652,0.0,-1.1102230246251565e-16
FMD,resmlp,123,4,best_homogeneous_self_supervised,siglip_base+dinov2,200,0.97,0.97,0.9713852813852812,0.97,0.9696878357853969,0.9998333333333334,2.852535233999788,0.975,0.974971810389012,-0.0050000000000000044,-0.0052839746036151825
FMD,resmlp,123,4,best_individual,siglip_base,200,0.96,0.96,0.9629908103592314,0.96,0.9597043105387135,0.9985277777777778,2.908767551999972,0.965,0.965029726023248,-0.0050000000000000044,-0.005325415484534468
FMD,resmlp,123,4,full_concat,convnext_v2_t+deit_s+densenet121+dinov2+dinov2_large+dinov2_small+drlbp+efficientnet_b0+eva02_base+gabor+glcm+hog+lbp+mae_base+resnet101+resnet50+siglip_base+swin_t+vgg16+vit_b16,200,0.935,0.9349999999999999,0.9419090909090908,0.9349999999999999,0.9357441681125891,0.9981666666666668,12.429776393999873,0.955,0.9556731106731108,-0.019999999999999907,-0.01992894256052169
FMD,resmlp,123,4,gfs,siglip_base+dinov2+drlbp+dinov2_large+eva02_base+gabor,200,0.97,0.97,0.9716233766233767,0.97,0.9698097870049092,0.9997499999999999,3.39802567300012,0.985,0.984971810389012,-0.015000000000000013,-0.015162023384102885
FMD,resmlp,123,4,topk_individual,siglip_base+dinov2_large+eva02_base+dinov2+dinov2_small+convnext_v2_t,200,0.97,0.97,0.9726708074534163,0.97,0.9699167089590113,0.9995277777777778,3.3251361750003525,0.97,0.9699167089590112,0.0,1.1102230246251565e-16
FMD,resmlp,2026,0,best_homogeneous_self_supervised,siglip_base+dinov2_large,200,0.98,0.9799999999999999,0.9813852813852815,0.9799999999999999,0.9799686834346655,0.9996111111111112,2.886999021000065,0.975,0.9749686834346656,0.0050000000000000044,0.004999999999999893
FMD,resmlp,2026,0,best_individual,siglip_base,200,0.96,0.9599999999999997,0.9608589655958077,0.9599999999999997,0.9599723041186456,0.9984444444444444,2.5612457369998083,0.965,0.9652027429934408,-0.0050000000000000044,-0.005230438874795129
FMD,resmlp,2026,0,full_concat,convnext_v2_t+deit_s+densenet121+dinov2+dinov2_large+dinov2_small+drlbp+efficientnet_b0+eva02_base+gabor+glcm+hog+lbp+mae_base+resnet101+resnet50+siglip_base+swin_t+vgg16+vit_b16,200,0.94,0.9399999999999998,0.9414038885091516,0.9399999999999998,0.9397939736771572,0.9971388888888889,12.318321739999647,0.935,0.934637922587739,0.004999999999999893,0.00515605108941819
FMD,resmlp,2026,0,gfs,siglip_base+dinov2_large+eva02_base+mae_base,200,0.98,0.9799999999999999,0.9808840282524492,0.9799999999999999,0.9799785580273385,0.999638888888889,3.8370518779997838,0.98,0.9799785580273384,0.0,1.1102230246251565e-16
FMD,resmlp,2026,0,topk_individual,siglip_base+eva02_base+dinov2+dinov2_large,200,0.98,0.9800000000000001,0.9813852813852815,0.9800000000000001,0.9799686834346655,0.9997777777777778,2.8749527340000895,0.98,0.9799686834346656,0.0,-1.1102230246251565e-16
FMD,resmlp,2026,1,best_homogeneous_self_supervised,siglip_base+dinov2_large+mae_base,200,0.97,0.97,0.9713852813852814,0.97,0.9699686834346654,0.9988611111111112,3.5035153539997737,0.98,0.9798624140087554,-0.010000000000000009,-0.009893730574090043
FMD,resmlp,2026,1,best_individual,siglip_base,200,0.95,0.95,0.9503467000835422,0.95,0.9495768737039597,0.9971111111111112,2.2946178209999744,0.955,0.954714459695204,-0.0050000000000000044,-0.005137585991244253
FMD,resmlp,2026,1,full_concat,convnext_v2_t+deit_s+densenet121+dinov2+dinov2_large+dinov2_small+drlbp+efficientnet_b0+eva02_base+gabor+glcm+hog+lbp+mae_base+resnet101+resnet50+siglip_base+swin_t+vgg16+vit_b16,200,0.945,0.945,0.9467821067821067,0.945,0.9449332994775869,0.9979999999999999,11.812866620000023,0.95,0.9500046633666062,-0.0050000000000000044,-0.005071363889019298
FMD,resmlp,2026,1,gfs,siglip_base+dinov2_large+lbp,200,0.975,0.975,0.9754511278195489,0.975,0.9748624140087555,0.9960277777777777,2.715806364999935,0.97,0.9698472259447868,0.0050000000000000044,0.005015188063968723
FMD,resmlp,2026,1,topk_individual,siglip_base+eva02_base+dinov2,200,0.955,0.9550000000000001,0.9556208703577125,0.9550000000000001,0.9548503528991334,0.9985833333333334,3.034146392999901,0.955,0.9548503528991334,0.0,0.0
FMD,resmlp,2026,2,best_homogeneous_self_supervised,siglip_base+dinov2_large+dinov2+dinov2_small+mae_base,200,0.985,0.985,0.9854761904761904,0.985,0.9849937460913072,0.9999166666666668,3.6718846759999906,0.985,0.9849937460913072,0.0,0.0
FMD,resmlp,2026,2,best_individual,siglip_base,200,0.99,0.9899999999999999,0.990909090909091,0.9899999999999999,0.9901098901098901,0.9995277777777778,2.63686163400007,0.99,0.99010989010989,0.0,1.1102230246251565e-16
FMD,resmlp,2026,2,full_concat,convnext_v2_t+deit_s+densenet121+dinov2+dinov2_large+dinov2_small+drlbp+efficientnet_b0+eva02_base+gabor+glcm+hog+lbp+mae_base+resnet101+resnet50+siglip_base+swin_t+vgg16+vit_b16,200,0.98,0.9799999999999999,0.980645933014354,0.9799999999999999,0.9799816849816849,0.9999166666666668,15.754339113000242,0.995,0.9949968730456534,-0.015000000000000013,-0.01501518806396851
FMD,resmlp,2026,2,gfs,siglip_base+dinov2_large+dinov2+dinov2_small+eva02_base,200,0.99,0.99,0.9904761904761905,0.99,0.9899937460913071,0.9997499999999999,4.191949800000202,0.99,0.9899937460913072,0.0,-1.1102230246251565e-16
FMD,resmlp,2026,2,topk_individual,siglip_base+dinov2+eva02_base+dinov2_small+dinov2_large,200,0.99,0.99,0.9904761904761905,0.99,0.9899937460913071,0.9997499999999999,3.732071198000085,0.99,0.9899937460913072,0.0,-1.1102230246251565e-16
FMD,resmlp,2026,3,best_homogeneous_self_supervised,siglip_base+dinov2_large+dinov2+dinov2_small,200,0.97,0.97,0.9728656126482214,0.97,0.9700250378157355,0.9996666666666666,3.3447406749996844,0.975,0.9748039798039798,-0.0050000000000000044,-0.004778941988244356
FMD,resmlp,2026,3,best_individual,siglip_base,200,0.975,0.975,0.9765550239234451,0.975,0.9750915750915752,0.9996388888888887,3.5221937460000845,0.975,0.9750906346541776,0.0,9.404373976229508e-07
FMD,resmlp,2026,3,full_concat,convnext_v2_t+deit_s+densenet121+dinov2+dinov2_large+dinov2_small+drlbp+efficientnet_b0+eva02_base+gabor+glcm+hog+lbp+mae_base+resnet101+resnet50+siglip_base+swin_t+vgg16+vit_b16,200,0.95,0.95,0.9542725390551479,0.95,0.9496668974383397,0.9981944444444444,13.868258932000117,0.955,0.9545726891220518,-0.0050000000000000044,-0.004905791683712191
FMD,resmlp,2026,3,gfs,siglip_base+dinov2_large+gabor+eva02_base+glcm+deit_s,200,0.98,0.9800000000000001,0.9811471861471862,0.9800000000000001,0.9799718103890118,0.9994722222222222,3.7596885749999274,0.98,0.9799718103890118,0.0,0.0
FMD,resmlp,2026,3,topk_individual,siglip_base+dinov2+eva02_base+dinov2_large+dinov2_small+convnext_v2_t,200,0.98,0.9800000000000001,0.980952380952381,0.9800000000000001,0.9802376485303315,0.9993055555555556,4.3015042239999275,0.98,0.9802376485303316,0.0,-1.1102230246251565e-16
FMD,resmlp,2026,4,best_homogeneous_self_supervised,siglip_base+dinov2_large,200,0.985,0.985,0.9857142857142858,0.985,0.9849906191369605,0.9998055555555554,3.2432272379996903,0.985,0.9849906191369604,0.0,1.1102230246251565e-16
FMD,resmlp,2026,4,best_individual,siglip_base,200,0.98,0.9799999999999999,0.9813852813852815,0.9799999999999999,0.980103636201197,0.9995277777777778,2.987153856000077,0.985,0.9849906191369604,-0.0050000000000000044,-0.004886982935763395
FMD,resmlp,2026,4,full_concat,convnext_v2_t+deit_s+densenet121+dinov2+dinov2_large+dinov2_small+drlbp+efficientnet_b0+eva02_base+gabor+glcm+hog+lbp+mae_base+resnet101+resnet50+siglip_base+swin_t+vgg16+vit_b16,200,0.95,0.9499999999999998,0.952529330572809,0.9499999999999998,0.9502655461683137,0.9985833333333334,12.254265481999937,0.955,0.9554707635879084,-0.0050000000000000044,-0.0052052174195946765
FMD,resmlp,2026,4,gfs,siglip_base+dinov2_large+glcm+drlbp,200,0.98,0.9800000000000001,0.9807142857142856,0.9800000000000001,0.9799906191369605,0.9997777777777778,2.7068016439998246,0.985,0.9849906191369604,-0.0050000000000000044,-0.004999999999999893
FMD,resmlp,2026,4,topk_individual,siglip_base+dinov2+eva02_base+dinov2_large,200,0.99,0.99,0.9904761904761905,0.99,0.9899937460913073,0.9999166666666666,2.8889728449998984,0.99,0.9899937460913072,0.0,1.1102230246251565e-16
FMD,svm,42,0,best_homogeneous_self_supervised,siglip_base+dinov2_large,200,0.955,0.9549999999999998,0.9572009569377989,0.9549999999999998,0.9548033545401966,0.9983333333333334,0.31673481799998626,0.955,0.9548033545401966,0.0,0.0
FMD,svm,42,0,best_individual,siglip_base,200,0.945,0.945,0.9477705627705628,0.945,0.9449066755677796,0.9977499999999999,0.22322919600037494,0.945,0.9449066755677796,0.0,0.0
FMD,svm,42,0,full_concat,convnext_v2_t+deit_s+densenet121+dinov2+dinov2_large+dinov2_small+drlbp+efficientnet_b0+eva02_base+gabor+glcm+hog+lbp+mae_base+resnet101+resnet50+siglip_base+swin_t+vgg16+vit_b16,200,0.935,0.9349999999999999,0.937367281840966,0.9349999999999999,0.9346360176847981,0.9963333333333335,2.9222398140000223,0.935,0.934636017684798,0.0,1.1102230246251565e-16
FMD,svm,42,0,gfs,siglip_base+dinov2_large+drlbp,200,0.96,0.96,0.962056277056277,0.96,0.9599467477323703,0.9983333333333334,0.4107082119999177,0.96,0.9599467477323704,0.0,-1.1102230246251565e-16
FMD,svm,42,0,topk_individual,siglip_base+dinov2_large+eva02_base,200,0.965,0.9650000000000001,0.9670312143996356,0.9650000000000001,0.9646695207670817,0.9980555555555556,0.43138849299975845,0.965,0.9646695207670816,0.0,1.1102230246251565e-16
FMD,svm,42,1,best_homogeneous_self_supervised,siglip_base+dinov2_large+dinov2,200,0.995,0.9949999999999999,0.9952380952380953,0.9949999999999999,0.9949968730456537,0.9998611111111112,0.46319102899997233,0.995,0.9949968730456537,0.0,0.0
FMD,svm,42,1,best_individual,siglip_base,200,0.98,0.9799999999999999,0.9802380952380952,0.9799999999999999,0.9799968730456534,0.9993611111111113,0.2041160509998008,0.98,0.9799968730456534,0.0,0.0
FMD,svm,42,1,full_concat,convnext_v2_t+deit_s+densenet121+dinov2+dinov2_large+dinov2_small+drlbp+efficientnet_b0+eva02_base+gabor+glcm+hog+lbp+mae_base+resnet101+resnet50+siglip_base+swin_t+vgg16+vit_b16,200,0.98,0.9799999999999999,0.9804761904761904,0.9799999999999999,0.979993746091307,0.9989722222222222,2.990788188999886,0.98,0.979993746091307,0.0,0.0
FMD,svm,42,1,gfs,siglip_base+dinov2_large+gabor+drlbp+lbp,200,0.995,0.9949999999999999,0.9952380952380953,0.9949999999999999,0.9949968730456537,0.99975,0.6269488560001264,0.995,0.9949968730456537,0.0,0.0
FMD,svm,42,1,topk_individual,siglip_base+dinov2+dinov2_large+eva02_base+dinov2_small,200,0.995,0.9949999999999999,0.9952380952380953,0.9949999999999999,0.9949968730456537,0.9998055555555556,0.6039101579999624,0.995,0.9949968730456537,0.0,0.0
FMD,svm,42,2,best_homogeneous_self_supervised,siglip_base+dinov2_large+mae_base,200,0.985,0.985,0.9854761904761904,0.985,0.9849937460913072,0.9995833333333334,0.5712729340002625,0.985,0.9849937460913072,0.0,0.0
FMD,svm,42,2,best_individual,siglip_base,200,0.97,0.97,0.9721946169772255,0.97,0.9701928684007676,0.9971111111111112,0.21434561700016275,0.97,0.9701928684007676,0.0,0.0
FMD,svm,42,2,full_concat,convnext_v2_t+deit_s+densenet121+dinov2+dinov2_large+dinov2_small+drlbp+efficientnet_b0+eva02_base+gabor+glcm+hog+lbp+mae_base+resnet101+resnet50+siglip_base+swin_t+vgg16+vit_b16,200,0.945,0.945,0.9490344438170524,0.945,0.9452438775981182,0.9987222222222222,2.997624119000193,0.945,0.9452438775981182,0.0,0.0
FMD,svm,42,2,gfs,siglip_base+dinov2_large+eva02_base+swin_t,200,0.97,0.97,0.9721946169772255,0.97,0.9701928684007676,0.9993611111111111,0.5279901999997492,0.97,0.9701928684007676,0.0,0.0
FMD,svm,42,2,topk_individual,siglip_base+eva02_base+dinov2+dinov2_large,200,0.985,0.985,0.9854761904761904,0.985,0.9849937460913072,0.9991944444444444,0.5835453890003919,0.985,0.9849937460913072,0.0,0.0
FMD,svm,42,3,best_homogeneous_self_supervised,siglip_base+dinov2_large+mae_base,200,0.995,0.9949999999999999,0.9952380952380953,0.9949999999999999,0.9949968730456537,0.9998055555555556,0.6037081160002344,0.995,0.9949968730456537,0.0,0.0
FMD,svm,42,3,best_individual,siglip_base,200,0.99,0.99,0.9904761904761905,0.99,0.9899937460913071,0.9992777777777778,0.21416772499969738,0.99,0.9899937460913072,0.0,-1.1102230246251565e-16
FMD,svm,42,3,full_concat,convnext_v2_t+deit_s+densenet121+dinov2+dinov2_large+dinov2_small+drlbp+efficientnet_b0+eva02_base+gabor+glcm+hog+lbp+mae_base+resnet101+resnet50+siglip_base+swin_t+vgg16+vit_b16,200,0.995,0.9949999999999999,0.9952380952380953,0.9949999999999999,0.9949968730456537,0.999611111111111,2.9951379330000236,0.995,0.9949968730456537,0.0,0.0
FMD,svm,42,3,gfs,siglip_base+dinov2_large+eva02_base+drlbp,200,0.995,0.9949999999999999,0.9952380952380953,0.9949999999999999,0.9949968730456537,0.9998888888888888,0.5335713760000544,0.995,0.9949968730456537,0.0,0.0
FMD,svm,42,3,topk_individual,siglip_base+dinov2_large+eva02_base+dinov2,200,1.0,1.0,1.0,1.0,1.0,0.9999444444444444,0.6021389899997303,1.0,1.0,0.0,0.0
FMD,svm,42,4,best_homogeneous_self_supervised,siglip_base+dinov2+dinov2_large,200,0.98,0.9800000000000001,0.9807142857142856,0.9800000000000001,0.9799906191369606,0.9989166666666666,0.43832918399994014,0.98,0.9799906191369606,0.0,0.0
FMD,svm,42,4,best_individual,siglip_base,200,0.965,0.9650000000000001,0.9678405499915798,0.9650000000000001,0.9648937057331839,0.9988888888888889,0.21002316399972187,0.965,0.964893705733184,0.0,-1.1102230246251565e-16
FMD,svm,42,4,full_concat,convnext_v2_t+deit_s+densenet121+dinov2+dinov2_large+dinov2_small+drlbp+efficientnet_b0+eva02_base+gabor+glcm+hog+lbp+mae_base+resnet101+resnet50+siglip_base+swin_t+vgg16+vit_b16,200,0.96,0.96,0.9640476190476189,0.96,0.9604984724304364,0.9985833333333334,2.946714454999892,0.96,0.9604984724304364,0.0,0.0
FMD,svm,42,4,gfs,siglip_base+dinov2+dinov2_large+mae_base+vgg16,200,0.98,0.9800000000000001,0.9807142857142856,0.9800000000000001,0.9799906191369606,0.9988611111111112,0.7666052859999581,0.98,0.9799906191369606,0.0,0.0
FMD,svm,42,4,topk_individual,siglip_base+dinov2_large+dinov2+eva02_base+dinov2_small,200,0.97,0.97,0.9711471861471861,0.97,0.9699718103890118,0.9991388888888888,0.5827603400002772,0.97,0.9699718103890118,0.0,0.0
FMD,svm,123,0,best_homogeneous_self_supervised,siglip_base+dinov2_large+mae_base,200,0.985,0.985,0.9861471861471862,0.985,0.9851067631555438,0.9991666666666668,0.5906022969998048,0.985,0.9851067631555438,0.0,0.0
FMD,svm,123,0,best_individual,siglip_base,200,0.965,0.9649999999999999,0.9663852813852813,0.9649999999999999,0.9649686834346654,0.9973055555555556,0.2089796719997139,0.965,0.9649686834346654,0.0,0.0
FMD,svm,123,0,full_concat,convnext_v2_t+deit_s+densenet121+dinov2+dinov2_large+dinov2_small+drlbp+efficientnet_b0+eva02_base+gabor+glcm+hog+lbp+mae_base+resnet101+resnet50+siglip_base+swin_t+vgg16+vit_b16,200,0.97,0.97,0.9721946169772255,0.97,0.9701928684007676,0.9984444444444444,2.9036865870002657,0.97,0.9701928684007676,0.0,0.0
FMD,svm,123,0,gfs,siglip_base+dinov2_large+mae_base,200,0.985,0.985,0.9861471861471862,0.985,0.9851067631555438,0.9991666666666668,0.5880079690000457,0.985,0.9851067631555438,0.0,0.0
FMD,svm,123,0,topk_individual,siglip_base+dinov2_large+dinov2,200,0.98,0.9800000000000001,0.9813852813852815,0.9800000000000001,0.9799686834346655,0.9992500000000002,0.44528376700009176,0.98,0.9799686834346656,0.0,-1.1102230246251565e-16
FMD,svm,123,1,best_homogeneous_self_supervised,siglip_base+dinov2_large+dinov2,200,0.985,0.985,0.9854761904761904,0.985,0.9849937460913072,0.9992777777777778,0.44341567599985865,0.985,0.9849937460913072,0.0,0.0
FMD,svm,123,1,best_individual,siglip_base,200,0.99,0.99,0.9904761904761905,0.99,0.9899937460913071,0.9997222222222222,0.2094829140000911,0.99,0.9899937460913072,0.0,-1.1102230246251565e-16
FMD,svm,123,1,full_concat,convnext_v2_t+deit_s+densenet121+dinov2+dinov2_large+dinov2_small+drlbp+efficientnet_b0+eva02_base+gabor+glcm+hog+lbp+mae_base+resnet101+resnet50+siglip_base+swin_t+vgg16+vit_b16,200,0.965,0.9649999999999999,0.9670562770562772,0.9649999999999999,0.9650817004989019,0.9988333333333334,2.9070330489998923,0.965,0.965081700498902,0.0,-1.1102230246251565e-16
FMD,svm,123,1,gfs,siglip_base+dinov2_large+densenet121,200,0.99,0.99,0.9904761904761905,0.99,0.9899937460913071,0.999388888888889,0.5240709500003504,0.99,0.9899937460913072,0.0,-1.1102230246251565e-16
FMD,svm,123,1,topk_individual,siglip_base+dinov2_large+dinov2,200,0.985,0.985,0.9854761904761904,0.985,0.9849937460913072,0.9992777777777778,0.44500458400034404,0.985,0.9849937460913072,0.0,0.0
FMD,svm,123,2,best_homogeneous_self_supervised,siglip_base+dinov2,200,0.975,0.975,0.9763852813852815,0.975,0.9749686834346655,0.9995277777777778,0.2646781479998026,0.975,0.9749686834346656,0.0,-1.1102230246251565e-16
FMD,svm,123,2,best_individual,siglip_base,200,0.99,0.99,0.990909090909091,0.99,0.9899749373433584,0.9995555555555556,0.20455777400002262,0.99,0.9899749373433584,0.0,0.0
FMD,svm,123,2,full_concat,convnext_v2_t+deit_s+densenet121+dinov2+dinov2_large+dinov2_small+drlbp+efficientnet_b0+eva02_base+gabor+glcm+hog+lbp+mae_base+resnet101+resnet50+siglip_base+swin_t+vgg16+vit_b16,200,0.98,0.9799999999999999,0.9813852813852814,0.9799999999999999,0.9799686834346655,0.9996111111111112,3.0511219750001146,0.98,0.9799686834346656,0.0,-1.1102230246251565e-16
FMD,svm,123,2,gfs,siglip_base+dinov2+lbp,200,0.97,0.97,0.9713852813852814,0.97,0.9698337306681337,0.999611111111111,0.34140004700020654,0.97,0.9698337306681336,0.0,1.1102230246251565e-16
FMD,svm,123,2,topk_individual,siglip_base+dinov2_large+eva02_base,200,0.985,0.985,0.9861471861471862,0.985,0.9849718103890119,0.99975,0.44075000300017564,0.985,0.984971810389012,0.0,-1.1102230246251565e-16
FMD,svm,123,3,best_homogeneous_self_supervised,siglip_base+dinov2_large+dinov2,200,0.955,0.9549999999999998,0.9562375636059846,0.9549999999999998,0.95469033747596,0.9979722222222224,0.43766101000028357,0.955,0.95469033747596,0.0,0.0
FMD,svm,123,3,best_individual,siglip_base,200,0.95,0.9499999999999998,0.9538879808216192,0.9499999999999998,0.9499798109784079,0.9960833333333333,0.2046305920002851,0.95,0.949979810978408,0.0,-1.1102230246251565e-16
FMD,svm,123,3,full_concat,convnext_v2_t+deit_s+densenet121+dinov2+dinov2_large+dinov2_small+drlbp+efficientnet_b0+eva02_base+gabor+glcm+hog+lbp+mae_base+resnet101+resnet50+siglip_base+swin_t+vgg16+vit_b16,200,0.95,0.95,0.9540127987954075,0.95,0.9498618954382158,0.9961944444444445,2.8097454130002006,0.95,0.9498618954382158,0.0,0.0
FMD,svm,123,3,gfs,siglip_base+dinov2_large+eva02_base+lbp,200,0.96,0.96,0.9625773920968428,0.96,0.9599113954877158,0.997388888888889,0.5091556779998427,0.96,0.9599113954877158,0.0,0.0
FMD,svm,123,3,topk_individual,siglip_base+dinov2+dinov2_large+eva02_base,200,0.97,0.97,0.971555023923445,0.97,0.9699566223250434,0.9974444444444444,0.5310564629999135,0.97,0.9699566223250434,0.0,0.0
FMD,svm,123,4,best_homogeneous_self_supervised,siglip_base+dinov2_large,200,0.98,0.9800000000000001,0.9807142857142856,0.9800000000000001,0.979855666370429,0.9994166666666668,0.3079877899999701,0.98,0.979855666370429,0.0,0.0
FMD,svm,123,4,best_individual,siglip_base,200,0.975,0.975,0.9763852813852812,0.975,0.9748337306681337,0.9993055555555556,0.2094519370002672,0.975,0.9748337306681336,0.0,1.1102230246251565e-16
FMD,svm,123,4,full_concat,convnext_v2_t+deit_s+densenet121+dinov2+dinov2_large+dinov2_small+drlbp+efficientnet_b0+eva02_base+gabor+glcm+hog+lbp+mae_base+resnet101+resnet50+siglip_base+swin_t+vgg16+vit_b16,200,0.955,0.9549999999999998,0.9600757575757575,0.9549999999999998,0.9559472106840528,0.998111111111111,2.9161019220000526,0.955,0.9559472106840528,0.0,0.0
FMD,svm,123,4,gfs,siglip_base+dinov2_large+densenet121,200,0.965,0.9650000000000001,0.9668614718614718,0.9650000000000001,0.9650776331071581,0.9989444444444444,0.5108467039999596,0.965,0.965077633107158,0.0,1.1102230246251565e-16
FMD,svm,123,4,topk_individual,siglip_base+dinov2_large+dinov2,200,0.975,0.975,0.9761904761904763,0.975,0.9748395378690627,0.9993611111111111,0.4305228849998457,0.975,0.9748395378690629,0.0,-1.1102230246251565e-16
FMD,svm,2026,0,best_homogeneous_self_supervised,siglip_base+dinov2+dinov2_large,200,0.975,0.975,0.9766233766233766,0.975,0.9746847088310503,0.9993611111111113,0.42771403500000815,0.975,0.9746847088310504,0.0,-1.1102230246251565e-16
FMD,svm,2026,0,best_individual,siglip_base,200,0.965,0.9649999999999999,0.9674076495586792,0.9649999999999999,0.9651834875377283,0.9983611111111113,0.20904665000034583,0.965,0.9651834875377284,0.0,-1.1102230246251565e-16
FMD,svm,2026,0,full_concat,convnext_v2_t+deit_s+densenet121+dinov2+dinov2_large+dinov2_small+drlbp+efficientnet_b0+eva02_base+gabor+glcm+hog+lbp+mae_base+resnet101+resnet50+siglip_base+swin_t+vgg16+vit_b16,200,0.95,0.9499999999999998,0.9505415052783472,0.9499999999999998,0.9494459883291718,0.9985555555555556,3.030406254999889,0.95,0.9494459883291718,0.0,0.0
FMD,svm,2026,0,gfs,siglip_base+dinov2+efficientnet_b0,200,0.965,0.9649999999999999,0.9658297258297257,0.9649999999999999,0.9647055255399286,0.9988611111111112,0.4693983170000138,0.965,0.9647055255399286,0.0,0.0
FMD,svm,2026,0,topk_individual,siglip_base+dinov2_large+eva02_base,200,0.985,0.985,0.9854761904761904,0.985,0.9849937460913072,0.9993333333333334,0.4455624299998817,0.985,0.9849937460913072,0.0,0.0
FMD,svm,2026,1,best_homogeneous_self_supervised,siglip_base+dinov2_large,200,0.97,0.97,0.9705665679349889,0.97,0.9695773204117234,0.9977222222222222,0.35325160899992625,0.97,0.9695773204117234,0.0,0.0
FMD,svm,2026,1,best_individual,siglip_base,200,0.955,0.9550000000000001,0.9548955722639934,0.9550000000000001,0.954464303347487,0.9975277777777778,0.21814877699989665,0.955,0.954464303347487,0.0,0.0
FMD,svm,2026,1,full_concat,convnext_v2_t+deit_s+densenet121+dinov2+dinov2_large+dinov2_small+drlbp+efficientnet_b0+eva02_base+gabor+glcm+hog+lbp+mae_base+resnet101+resnet50+siglip_base+swin_t+vgg16+vit_b16,200,0.96,0.9599999999999997,0.9609273182957393,0.9599999999999997,0.9601063164477799,0.9974722222222223,2.8174902860000657,0.96,0.96010631644778,0.0,-1.1102230246251565e-16
FMD,svm,2026,1,gfs,siglip_base+dinov2_large+lbp+dinov2_small,200,0.96,0.96,0.9607410236822002,0.96,0.9592793034256448,0.9945555555555556,0.4034618209998371,0.96,0.9592793034256448,0.0,0.0
FMD,svm,2026,1,topk_individual,siglip_base+dinov2_large+dinov2+eva02_base,200,0.97,0.97,0.9707142857142855,0.97,0.9699906191369605,0.998,0.5576341280002453,0.97,0.9699906191369604,0.0,1.1102230246251565e-16
FMD,svm,2026,2,best_homogeneous_self_supervised,siglip_base+dinov2_large+dinov2,200,0.99,0.99,0.9904761904761905,0.99,0.9899937460913071,0.9996944444444443,0.44337520099998073,0.99,0.9899937460913072,0.0,-1.1102230246251565e-16
FMD,svm,2026,2,best_individual,siglip_base,200,0.99,0.99,0.9904761904761905,0.99,0.9899937460913071,0.9994166666666666,0.20498695400010547,0.99,0.9899937460913072,0.0,-1.1102230246251565e-16
FMD,svm,2026,2,full_concat,convnext_v2_t+deit_s+densenet121+dinov2+dinov2_large+dinov2_small+drlbp+efficientnet_b0+eva02_base+gabor+glcm+hog+lbp+mae_base+resnet101+resnet50+siglip_base+swin_t+vgg16+vit_b16,200,0.99,0.99,0.9904761904761905,0.99,0.9899937460913071,0.9996944444444444,2.9017531380000037,0.99,0.9899937460913072,0.0,-1.1102230246251565e-16
FMD,svm,2026,2,gfs,siglip_base+dinov2_large+eva02_base+mae_base,200,0.995,0.9949999999999999,0.9952380952380953,0.9949999999999999,0.9949968730456537,0.99975,0.6604711220002173,0.995,0.9949968730456537,0.0,0.0
FMD,svm,2026,2,topk_individual,siglip_base+dinov2_large+dinov2+eva02_base,200,0.99,0.99,0.9904761904761905,0.99,0.9899937460913071,0.999611111111111,0.565255827999863,0.99,0.9899937460913072,0.0,-1.1102230246251565e-16
FMD,svm,2026,3,best_homogeneous_self_supervised,siglip_base+dinov2_large+mae_base,200,0.975,0.975,0.9768181818181818,0.975,0.9748039798039798,0.9996944444444444,0.5528149609999673,0.975,0.9748039798039798,0.0,0.0
FMD,svm,2026,3,best_individual,siglip_base,200,0.98,0.9800000000000001,0.9811471861471862,0.9800000000000001,0.9801067631555437,0.9994166666666666,0.20594933100028356,0.98,0.9801067631555436,0.0,1.1102230246251565e-16
FMD,svm,2026,3,full_concat,convnext_v2_t+deit_s+densenet121+dinov2+dinov2_large+dinov2_small+drlbp+efficientnet_b0+eva02_base+gabor+glcm+hog+lbp+mae_base+resnet101+resnet50+siglip_base+swin_t+vgg16+vit_b16,200,0.965,0.9650000000000001,0.9677489177489178,0.9650000000000001,0.9653067941899778,0.9988333333333334,2.778226125999936,0.965,0.9653067941899778,0.0,0.0
FMD,svm,2026,3,gfs,siglip_base+dinov2_large+mae_base,200,0.975,0.975,0.9768181818181818,0.975,0.9748039798039798,0.9996944444444444,0.5682932319996326,0.975,0.9748039798039798,0.0,0.0
FMD,svm,2026,3,topk_individual,siglip_base+dinov2_large+dinov2,200,0.98,0.9800000000000001,0.9811471861471862,0.9800000000000001,0.9799718103890118,0.9998333333333334,0.43489773800001785,0.98,0.9799718103890118,0.0,0.0
FMD,svm,2026,4,best_homogeneous_self_supervised,siglip_base+dinov2_large+mae_base,200,0.985,0.985,0.9857142857142858,0.985,0.9849906191369605,0.9996944444444444,0.5668965119998575,0.985,0.9849906191369604,0.0,1.1102230246251565e-16
FMD,svm,2026,4,best_individual,siglip_base,200,0.98,0.9799999999999999,0.9813852813852815,0.9799999999999999,0.980103636201197,0.9985833333333334,0.20397504499987917,0.98,0.980103636201197,0.0,0.0
FMD,svm,2026,4,full_concat,convnext_v2_t+deit_s+densenet121+dinov2+dinov2_large+dinov2_small+drlbp+efficientnet_b0+eva02_base+gabor+glcm+hog+lbp+mae_base+resnet101+resnet50+siglip_base+swin_t+vgg16+vit_b16,200,0.965,0.9650000000000001,0.9669314590824888,0.9650000000000001,0.9651996160390942,0.9988888888888889,2.941213625000273,0.965,0.9651996160390942,0.0,0.0
FMD,svm,2026,4,gfs,siglip_base+dinov2_large+efficientnet_b0,200,0.985,0.985,0.9861471861471861,0.985,0.9849718103890119,0.9992777777777777,0.4893766099999084,0.985,0.984971810389012,0.0,-1.1102230246251565e-16
FMD,svm,2026,4,topk_individual,siglip_base+eva02_base+dinov2_large,200,0.995,0.9949999999999999,0.9952380952380953,0.9949999999999999,0.9949968730456537,0.999611111111111,0.4294308290000117,0.995,0.9949968730456537,0.0,0.0
Outex13Official1360,resmlp,42,0,best_homogeneous_self_supervised,dinov2_small+dinov2_large+mae_base,680,0.9264705882352942,0.9264705882352943,0.9325646791693504,0.9264705882352943,0.9240109242558705,0.9991593503072871,2.292081819000032,0.9338235294117648,0.9305568890688314,-0.007352941176470673,-0.0065459648129608805
Outex13Official1360,resmlp,42,0,best_individual,dinov2_small,680,0.9147058823529411,0.9147058823529413,0.9228966295142764,0.9147058823529413,0.913524879954878,0.9984108867427568,1.539592272000391,0.9220588235294118,0.9177604984410884,-0.007352941176470673,-0.004235618486210457
Outex13Official1360,resmlp,42,0,full_concat,convnext_v2_t+deit_s+densenet121+dinov2+dinov2_large+dinov2_small+drlbp+efficientnet_b0+eva02_base+gabor+glcm+hog+lbp+mae_base+resnet101+resnet50+siglip_base+swin_t+vgg16+vit_b16,680,0.9235294117647059,0.9235294117647058,0.9271858150374775,0.9235294117647058,0.9151505338436225,0.9988257243195787,8.747591505999935,0.9544117647058824,0.9541767486699112,-0.030882352941176472,-0.03902621482628865
Outex13Official1360,resmlp,42,0,gfs,dinov2_small+densenet121+dinov2_large+drlbp+glcm+swin_t+deit_s,680,0.9382352941176471,0.9382352941176473,0.9412641280288339,0.9382352941176473,0.9377685513972758,0.9992164179104476,4.999045508000108,0.9426470588235294,0.9423435812566644,-0.004411764705882337,-0.004575029859388624
Outex13Official1360,resmlp,42,0,topk_individual,dinov2+dinov2_large+dinov2_small+siglip_base+swin_t+efficientnet_b0+densenet121,680,0.9441176470588235,0.9441176470588234,0.9515756442130282,0.9441176470588234,0.9418834643139382,0.9992405618964004,3.040208490999703,0.9441176470588236,0.9418834643139382,-1.1102230246251565e-16,0.0
