dataset,classifier,seed,outer_fold,run_mode_gfs,method_gfs,macro_f1_gfs,accuracy_gfs,k_gfs,dimensions_gfs,fit_seconds_gfs,selected_gfs,inner_f1_gfs,run_mode_topk,method_topk,macro_f1_topk,accuracy_topk,k_topk,dimensions_topk,fit_seconds_topk,selected_topk,inner_f1_topk,delta_gfs_topk,dimension_delta
DTD,svm,42,0,full,gfs,0.8806984863760254,0.8819148936170212,5,4352,16.047381061000124,siglip_base+dinov2_large+eva02_base+densenet121+dinov2,0.8636808215533234,full,topk_individual,0.8719645769447979,0.8734042553191489,5,3712,18.90717616999996,siglip_base+dinov2_large+dinov2+eva02_base+dinov2_small,0.8203577722539999,0.008733909431227538,640
DTD,svm,42,1,full,gfs,0.8627112503680314,0.8638297872340426,6,4864,13.464776652000182,siglip_base+dinov2_large+eva02_base+dinov2+convnext_v2_t+mae_base,0.8650453091116723,full,topk_individual,0.8661630052982027,0.8675531914893617,6,4480,10.848865450000176,siglip_base+dinov2_large+dinov2+eva02_base+dinov2_small+convnext_v2_t,0.8104180934163553,-0.003451754930171247,384
DTD,svm,42,2,full,gfs,0.8713991601892999,0.8723404255319149,6,6656,13.10293561599974,siglip_base+dinov2_large+eva02_base+resnet50+efficientnet_b0+dinov2,0.8689741205985442,full,topk_individual,0.872349234898142,0.8734042553191489,6,4480,10.770024189999958,siglip_base+dinov2_large+dinov2+eva02_base+dinov2_small+convnext_v2_t,0.8115417054389615,-0.0009500747088421191,2176
DTD,svm,42,3,full,gfs,0.8781074965106591,0.8792553191489362,6,4736,11.73359286699997,siglip_base+dinov2_large+eva02_base+densenet121+dinov2_small+mae_base,0.8641434757856765,full,topk_individual,0.8742161644009503,0.875,6,4480,11.012970026999938,siglip_base+dinov2_large+dinov2+eva02_base+dinov2_small+convnext_v2_t,0.8103166274536499,0.0038913321097088227,256
DTD,svm,42,4,full,gfs,0.8736016973754247,0.875531914893617,5,3858,9.565290835000267,siglip_base+dinov2_large+eva02_base+efficientnet_b0+glcm,0.8660979058601501,full,topk_individual,0.8726014787301294,0.8739361702127659,5,3712,18.277936662,siglip_base+dinov2_large+dinov2+eva02_base+dinov2_small,0.8248004409107133,0.0010002186452953143,146
DTD,svm,42,5,full,gfs,0.8696103782207478,0.8702127659574468,6,5394,10.798308536999684,siglip_base+dinov2_large+resnet50+eva02_base+vit_b16+glcm,0.8668402228797102,full,topk_individual,0.8674536486498909,0.8686170212765958,6,4480,10.906004188000225,siglip_base+dinov2+dinov2_large+eva02_base+dinov2_small+convnext_v2_t,0.8129662417397022,0.0021567295708568857,914
DTD,svm,42,6,full,gfs,0.8810232775698907,0.8824468085106383,7,6022,13.83466390400281,siglip_base+dinov2_large+eva02_base+efficientnet_b0+resnet101+lbp+drlbp,0.8631934714474594,full,topk_individual,0.8797972232046596,0.8808510638297873,7,5248,14.7183881750002,siglip_base+dinov2_large+dinov2+eva02_base+dinov2_small+convnext_v2_t+swin_t,0.7972241405975055,0.001226054365231155,774
DTD,svm,42,7,full,gfs,0.8512089928576037,0.8531914893617021,8,6608,13.82783533700058,dinov2_large+eva02_base+dinov2_small+siglip_base+resnet50+vit_b16+dinov2+drlbp,0.8804389543105136,full,topk_individual,0.8510290701516919,0.8531914893617021,8,7296,18.246095798999704,dinov2_large+siglip_base+dinov2+eva02_base+dinov2_small+convnext_v2_t+swin_t+resnet50,0.8020135820039747,0.000179922705911717,-688
DTD,svm,42,8,full,gfs,0.8643892000485681,0.8654255319148936,8,10800,17.02403052000227,siglip_base+dinov2+eva02_base+efficientnet_b0+dinov2_large+resnet50+vgg16+gabor,0.8620613995583112,full,topk_individual,0.8679101096038901,0.8691489361702127,8,7296,17.21796746000018,siglip_base+dinov2+dinov2_large+eva02_base+dinov2_small+convnext_v2_t+swin_t+resnet101,0.7902760368981514,-0.003520909555322027,3504
DTD,svm,42,9,full,gfs,0.8613611623891602,0.8632978723404255,4,2608,11.807330448005814,dinov2_large+siglip_base+eva02_base+gabor,0.8745697247937699,full,topk_individual,0.8604397863904593,0.8622340425531915,4,3328,17.141941245999988,dinov2_large+siglip_base+dinov2+eva02_base,0.8358424220323754,0.0009213759987009018,-720
DTD,resmlp,42,0,full,gfs,0.867949073332511,0.8691489361702127,5,3632,1.7696812749995845,siglip_base+dinov2_large+eva02_base+densenet121+gabor,0.8621450712270924,full,topk_individual,0.8722222227256035,0.8734042553191489,5,3712,11.066340490000584,siglip_base+dinov2_large+dinov2+eva02_base+dinov2_small,0.8118602659384114,-0.004273149393092424,-80
DTD,resmlp,42,1,full,gfs,0.8676177034995756,0.8691489361702127,8,5862,6.73036915800003,siglip_base+dinov2+resnet50+dinov2_large+eva02_base+lbp+deit_s+gabor,0.8621098165118135,full,topk_individual,0.8763136692897349,0.8776595744680851,8,7296,11.831617384999843,dinov2+siglip_base+dinov2_large+eva02_base+dinov2_small+convnext_v2_t+swin_t+resnet101,0.7779273180943493,-0.008695965790159299,-1434
DTD,resmlp,42,2,full,gfs,0.8701172782843075,0.8696808510638298,6,5430,5.475406370000201,siglip_base+dinov2_large+resnet50+lbp+eva02_base+swin_t,0.8676695385517351,full,topk_individual,0.8641147354591184,0.8648936170212767,6,4480,15.820237323999208,siglip_base+dinov2_large+dinov2+eva02_base+dinov2_small+convnext_v2_t,0.7939339991467813,0.006002542825189083,950
DTD,resmlp,42,3,full,gfs,0.8779127725628006,0.8781914893617021,7,6070,5.511217899000258,siglip_base+dinov2_large+eva02_base+densenet121+resnet50+dinov2_small+lbp,0.8653908376756742,full,topk_individual,0.872870172873697,0.8739361702127659,7,6528,17.94021546499971,siglip_base+dinov2_large+dinov2+eva02_base+dinov2_small+convnext_v2_t+resnet101,0.7874706694938002,0.0050425996891036995,-458
DTD,resmlp,42,4,full,gfs,0.8629628330658107,0.8643617021276596,5,3024,2.3121478829998523,siglip_base+dinov2_large+dinov2_small+eva02_base+drlbp,0.8643247336363297,full,topk_individual,0.8650679874794384,0.8664893617021276,5,3712,7.773770941001203,siglip_base+dinov2_large+dinov2+dinov2_small+eva02_base,0.8130145132722857,-0.0021051544136276856,-688
DTD,resmlp,42,5,full,gfs,0.8697527800631069,0.8707446808510638,7,5504,4.1081952179993095,siglip_base+dinov2_large+eva02_base+dinov2_small+swin_t+densenet121+convnext_v2_t,0.8703292685627453,full,topk_individual,0.8670909033664213,0.8680851063829788,7,5248,11.05260640099914,siglip_base+dinov2_large+dinov2+eva02_base+dinov2_small+convnext_v2_t+swin_t,0.7904867711190979,0.0026618766966856056,256
DTD,resmlp,42,6,full,gfs,0.8830313341248496,0.8840425531914894,6,6400,4.194176996999886,siglip_base+dinov2+resnet50+dinov2_large+eva02_base+densenet121,0.8637285026051034,full,topk_individual,0.881028677567632,0.8819148936170212,6,4480,8.161167593001664,siglip_base+dinov2_large+dinov2+dinov2_small+eva02_base+convnext_v2_t,0.7970185316249334,0.0020026565572175414,1920
DTD,resmlp,42,7,full,gfs,0.8512886544377756,0.8531914893617021,7,4498,2.7285878580005374,siglip_base+dinov2_large+eva02_base+dinov2_small+swin_t+glcm+vit_b16,0.8807088363801373,full,topk_individual,0.8591910045708782,0.8617021276595744,7,6528,17.22287712800062,siglip_base+dinov2_large+dinov2+dinov2_small+eva02_base+convnext_v2_t+resnet101,0.8025205819389528,-0.007902350133102587,-2030
DTD,resmlp,42,8,full,gfs,0.8603552990070068,0.8611702127659574,4,3920,3.3639292619991465,siglip_base+dinov2_large+resnet50+drlbp,0.8582341271907885,full,topk_individual,0.854398472003442,0.8553191489361702,4,2944,7.288442744000349,siglip_base+dinov2_large+dinov2+dinov2_small,0.8101114953821567,0.005956827003564813,976
DTD,resmlp,42,9,full,gfs,0.857447241085092,0.8590425531914894,4,3584,3.3900188010011334,siglip_base+dinov2_large+eva02_base+densenet121,0.8723554245940373,full,topk_individual,0.8497417914447667,0.8526595744680852,4,2944,11.564519694999037,siglip_base+dinov2_large+dinov2+dinov2_small,0.8256223132449576,0.007705449640325268,640
FMD,svm,42,0,full,gfs,0.9599467477323704,0.96,3,1872,0.4012934469938045,siglip_base+dinov2_large+drlbp,0.9837880427430984,full,topk_individual,0.9646695207670816,0.965,3,2560,0.4397567790001631,siglip_base+dinov2_large+eva02_base,0.9640817920807172,-0.004722773034711136,-688
FMD,svm,42,1,full,gfs,0.9949968730456537,0.995,5,1974,0.6052218230033759,siglip_base+dinov2_large+gabor+drlbp+lbp,0.9812063343160904,full,topk_individual,0.9949968730456537,0.995,5,3712,0.6347728549999374,siglip_base+dinov2+dinov2_large+eva02_base+dinov2_small,0.9509702007395606,0.0,-1738
FMD,svm,42,2,full,gfs,0.9701928684007676,0.97,4,3328,0.5508741339945118,siglip_base+dinov2_large+eva02_base+swin_t,0.9824819965015728,full,topk_individual,0.9849937460913072,0.985,4,3328,0.6204318410000269,siglip_base+eva02_base+dinov2+dinov2_large,0.9534423331525964,-0.014800877690539616,0
FMD,svm,42,3,full,gfs,0.9949968730456537,0.995,4,2640,0.6385274900021614,siglip_base+dinov2_large+eva02_base+drlbp,0.9838002546234254,full,topk_individual,1.0,1.0,4,3328,0.569965508000223,siglip_base+dinov2_large+eva02_base+dinov2,0.9524703905172678,-0.005003126954346349,-688
FMD,svm,42,4,full,gfs,0.9799906191369606,0.98,5,7424,1.033609307000006,siglip_base+dinov2+dinov2_large+mae_base+vgg16,0.9811872313489622,full,topk_individual,0.9699718103890118,0.97,5,3712,0.6086189620000368,siglip_base+dinov2_large+dinov2+eva02_base+dinov2_small,0.9550732506798572,0.010018808747948804,3712
FMD,svm,123,0,full,gfs,0.9851067631555438,0.985,3,2560,0.7041343770033563,siglip_base+dinov2_large+mae_base,0.9797406116388786,full,topk_individual,0.9799686834346656,0.98,3,2560,0.502418194999791,siglip_base+dinov2_large+dinov2,0.957863167721476,0.005138079720878208,0
FMD,svm,123,1,full,gfs,0.9899937460913072,0.99,3,2816,0.675729415997921,siglip_base+dinov2_large+densenet121,0.9824737770469478,full,topk_individual,0.9849937460913072,0.985,3,2560,0.4650930040002095,siglip_base+dinov2_large+dinov2,0.954478979104468,0.0050000000000000044,256
FMD,svm,123,2,full,gfs,0.9698337306681336,0.97,3,1590,0.4668074029978015,siglip_base+dinov2+lbp,0.9786684405667074,full,topk_individual,0.984971810389012,0.985,3,2560,0.4783743510001841,siglip_base+dinov2_large+eva02_base,0.9598551023678272,-0.015138079720878439,-970
FMD,svm,123,3,full,gfs,0.9599113954877158,0.96,4,2614,0.6415240049973363,siglip_base+dinov2_large+eva02_base+lbp,0.9874906073814932,full,topk_individual,0.9699566223250434,0.97,4,3328,0.5603545150001992,siglip_base+dinov2+dinov2_large+eva02_base,0.958989352455316,-0.01004522683732767,-714
FMD,svm,123,4,full,gfs,0.965077633107158,0.965,3,2816,0.7015343199964263,siglip_base+dinov2_large+densenet121,0.9824988206258916,full,topk_individual,0.9748395378690629,0.975,3,2560,0.4765208730000267,siglip_base+dinov2_large+dinov2,0.9604144830522564,-0.00976190476190486,256
FMD,svm,2026,0,full,gfs,0.9647055255399286,0.965,3,2816,0.7906054060003953,siglip_base+dinov2+efficientnet_b0,0.981260250767632,full,topk_individual,0.9849937460913072,0.985,3,2560,0.4446448399999099,siglip_base+dinov2_large+eva02_base,0.961177236982533,-0.020288220551378577,256
FMD,svm,2026,1,full,gfs,0.9592793034256448,0.96,4,2230,0.5448274189984659,siglip_base+dinov2_large+lbp+dinov2_small,0.9862720003573664,full,topk_individual,0.9699906191369604,0.97,4,3328,0.581967222000003,siglip_base+dinov2_large+dinov2+eva02_base,0.9614825396809512,-0.010711315711315561,-1098
FMD,svm,2026,2,full,gfs,0.9949968730456537,0.995,4,3328,1.5892219100060174,siglip_base+dinov2_large+eva02_base+mae_base,0.9786624100118968,full,topk_individual,0.9899937460913072,0.99,4,3328,0.6022158199998557,siglip_base+dinov2_large+dinov2+eva02_base,0.9482419642414004,0.00500312695434646,0
FMD,svm,2026,3,full,gfs,0.9748039798039798,0.975,3,2560,1.2170867470049416,siglip_base+dinov2_large+mae_base,0.9798808760615416,full,topk_individual,0.9799718103890118,0.98,3,2560,0.4842482699996253,siglip_base+dinov2_large+dinov2,0.9536450961530072,-0.005167830585032007,0
FMD,svm,2026,4,full,gfs,0.984971810389012,0.985,3,3072,1.1501107020012569,siglip_base+dinov2_large+efficientnet_b0,0.979974949098826,full,topk_individual,0.9949968730456537,0.995,3,2560,0.4832799539999541,siglip_base+eva02_base+dinov2_large,0.9564453053488264,-0.010025062656641603,512
FMD,resmlp,42,0,full,gfs,0.949503410233774,0.95,3,2560,2.745826241000032,siglip_base+dinov2_large+mae_base,0.9824545239741004,full,topk_individual,0.944628329609074,0.945,3,2304,2.0187037690011493,siglip_base+eva02_base+dinov2,0.959555730453908,0.004875080624700101,256
FMD,resmlp,42,1,full,gfs,0.9898587933247752,0.99,2,1792,1.1402066980008383,siglip_base+dinov2_large,0.983706210883682,full,topk_individual,0.9949968730456537,0.995,2,1536,2.673219845999484,siglip_base+eva02_base,0.9573974527311766,-0.00513807972087843,256
FMD,resmlp,42,2,full,gfs,0.9799906191369606,0.98,5,4404,1.6402426860004198,siglip_base+eva02_base+dinov2_large+drlbp+hog,0.9825750313214864,full,topk_individual,0.9751094434021264,0.975,5,3712,2.669462623000072,siglip_base+eva02_base+dinov2+dinov2_large+dinov2_small,0.9456169454566848,0.004881175734834264,692
FMD,resmlp,42,3,full,gfs,0.9899937460913072,0.99,7,3510,1.8930169740051497,siglip_base+dinov2_large+eva02_base+drlbp+lbp+gabor+mae_base,0.9813463419336332,full,topk_individual,1.0,1.0,7,5248,3.278621243998714,siglip_base+eva02_base+dinov2_large+dinov2+dinov2_small+convnext_v2_t+vit_b16,0.9216005589614517,-0.010006253908692808,-1738
FMD,resmlp,42,4,full,gfs,0.9701067631555436,0.97,4,3456,1.476916074003384,siglip_base+dinov2_large+dinov2_small+efficientnet_b0,0.9798942568547684,full,topk_individual,0.9653448583936388,0.965,4,3328,2.8618173520007986,siglip_base+eva02_base+dinov2_large+dinov2,0.951485695362647,0.004761904761904745,128
FMD,resmlp,123,0,full,gfs,0.9799718103890118,0.98,5,4372,2.044795695997891,siglip_base+dinov2_large+hog+eva02_base+gabor,0.9786676588281212,full,topk_individual,0.9748624140087554,0.975,5,3712,2.650875011999233,siglip_base+dinov2_large+eva02_base+dinov2+dinov2_small,0.9406105195464018,0.005109396380256426,660
FMD,resmlp,123,1,full,gfs,0.9849937460913072,0.985,2,1792,1.0742356730042957,siglip_base+dinov2_large,0.97856133421087,full,topk_individual,0.9849937460913072,0.985,2,1536,2.256502333000753,siglip_base+eva02_base,0.9555874600980692,0.0,256
FMD,resmlp,123,2,full,gfs,0.984971810389012,0.985,6,4426,1.39932645400404,siglip_base+dinov2_large+lbp+eva02_base+hog+gabor,0.9773493689347348,full,topk_individual,0.984971810389012,0.985,6,4480,2.896341838000808,siglip_base+dinov2_large+eva02_base+dinov2+dinov2_small+convnext_v2_t,0.9301464623814946,0.0,-54
FMD,resmlp,123,3,full,gfs,0.9547556260123058,0.955,4,2608,1.3517341119950288,siglip_base+dinov2_large+eva02_base+gabor,0.9875466536230189,full,topk_individual,0.9648185426041652,0.965,4,3328,2.536261350000132,siglip_base+eva02_base+dinov2+dinov2_large,0.9558118019234968,-0.010062916591859428,-720
FMD,resmlp,123,4,full,gfs,0.984971810389012,0.985,6,3456,1.647877329000039,siglip_base+dinov2+drlbp+dinov2_large+eva02_base+gabor,0.982481884824632,full,topk_individual,0.9699167089590112,0.97,6,4480,2.889490962999844,siglip_base+dinov2_large+eva02_base+dinov2+dinov2_small+convnext_v2_t,0.9421478107081296,0.015055101430000883,-1024
FMD,resmlp,2026,0,full,gfs,0.9799785580273384,0.98,4,3328,1.0896009549978771,siglip_base+dinov2_large+eva02_base+mae_base,0.98498904390432,full,topk_individual,0.9799686834346656,0.98,4,3328,2.391206533999138,siglip_base+eva02_base+dinov2+dinov2_large,0.9504659166785906,9.874592672765026e-06,0
FMD,resmlp,2026,1,full,gfs,0.9698472259447868,0.97,3,1846,1.406926288997056,siglip_base+dinov2_large+lbp,0.9849882621657332,full,topk_individual,0.9548503528991334,0.955,3,2304,2.4433740669992403,siglip_base+eva02_base+dinov2,0.9581201485819436,0.014996873045653336,-458
FMD,resmlp,2026,2,full,gfs,0.9899937460913072,0.99,5,3712,1.2359388089971617,siglip_base+dinov2_large+dinov2+dinov2_small+eva02_base,0.9799891673367284,full,topk_individual,0.9899937460913072,0.99,5,3712,2.783728492000592,siglip_base+dinov2+eva02_base+dinov2_small+dinov2_large,0.9417513469014648,0.0,0
FMD,resmlp,2026,3,full,gfs,0.9799718103890118,0.98,6,3010,0.9624383629998192,siglip_base+dinov2_large+gabor+eva02_base+glcm+deit_s,0.9787212601975116,full,topk_individual,0.9802376485303316,0.98,6,4480,3.512857106999945,siglip_base+dinov2+eva02_base+dinov2_large+dinov2_small+convnext_v2_t,0.9350500242607525,-0.0002658381413197519,-1470
FMD,resmlp,2026,4,full,gfs,0.9849906191369604,0.985,4,1890,1.4939028389999294,siglip_base+dinov2_large+glcm+drlbp,0.9799216909534624,full,topk_individual,0.9899937460913072,0.99,4,3328,2.2941526630002045,siglip_base+dinov2+eva02_base+dinov2_large,0.9477393653575756,-0.005003126954346793,-1438
CUReT,svm,42,0,full,gfs,0.9982176407303268,0.9982181040627228,4,3940,8.406687780996435,dinov2_large+vit_b16+dinov2_small+hog,0.9996266503750466,full,topk_individual,0.9982178935113888,0.9982181040627228,4,2944,7.112908877000336,dinov2_large+dinov2+dinov2_small+vit_b16,0.9892630606566908,-2.5278106197124117e-07,996
CUReT,svm,42,1,full,gfs,0.9992871574045556,0.9992872416250892,5,4864,9.978635480991215,dinov2_large+efficientnet_b0+eva02_base+densenet121+dinov2,0.9978372025930828,full,topk_individual,0.9996435787022778,0.9996436208125444,5,3712,8.340165110999806,dinov2_large+dinov2+dinov2_small+vit_b16+swin_t,0.9813031862960024,-0.0003564212977221759,1152
CUReT,resmlp,42,0,full,gfs,0.9971484189474268,0.9971489665003564,2,1152,3.0418398390029324,dinov2_small+dinov2,0.9996578759800429,full,topk_individual,0.9975125519192036,0.9975053456878118,2,1152,9.681387959000858,dinov2+dinov2_small,0.9975096606885632,-0.0003641329717768427,0
CUReT,resmlp,42,1,full,gfs,0.9989307361068334,0.9989308624376336,4,5888,4.495707996000419,dinov2_large+resnet50+resnet101+vit_b16,0.9985378271051828,full,topk_individual,0.9964306565950624,0.9964362081254454,4,2944,3.797658343000876,dinov2_large+dinov2+dinov2_small+swin_t,0.9927820368532236,0.002500079511771003,2944
Outex13Official1360,resmlp,42,0,full,gfs,0.9423435812566644,0.9426470588235294,7,3682,1.94970753600046,dinov2_small+densenet121+dinov2_large+drlbp+glcm+swin_t+deit_s,0.9171306022408964,full,topk_individual,0.9418834643139382,0.9441176470588236,7,6016,4.750791325999671,dinov2+dinov2_large+dinov2_small+siglip_base+swin_t+efficientnet_b0+densenet121,0.8649147158863546,0.0004601169427261853,-2334
Outex13Official1360,svm,42,0,full,gfs,0.9425742649062628,0.9426470588235294,6,5936,7.00063265999961,dinov2_large+efficientnet_b0+convnext_v2_t+swin_t+resnet50+gabor,0.9104516806722688,full,topk_individual,0.9503098094722332,0.951470588235294,6,6272,6.674992582999948,dinov2_large+dinov2_small+dinov2+convnext_v2_t+resnet101+efficientnet_b0,0.8437603450471097,-0.007735544565970365,-336
